state,year,drivers
Alabama,1949,860025
Alabama,1950,851269
Alabama,1951,1134257
Alabama,1952,1146065
Alabama,1953,1070963
Alabama,1954,1056683
Alabama,1955,1201515
Alabama,1956,1251081
Alabama,1957,1328498
Alabama,1958,1330957
Alabama,1959,1324005
Alabama,1960,1320922
Alabama,1961,1329688
Alabama,1962,1391528
Alabama,1963,1478420
Alabama,1964,1582565
Alabama,1965,1689539
Alabama,1966,1554168
Alabama,1967,1598288
Alabama,1968,1613522
Alabama,1969,1686942
Alabama,1970,1740279
Alabama,1971,1800717
Alabama,1972,1805801
Alabama,1973,1851584
Alabama,1974,1902812
Alabama,1975,1944155
Alabama,1976,2083851
Alabama,1977,2122679
Alabama,1978,2159612
Alabama,1979,2209982
Alabama,1980,2271493
Alabama,1981,2315799
Alabama,1982,2316209
Alabama,1983,2393878
Alabama,1984,2472717
Alabama,1985,2461559
Alabama,1986,2544715
Alabama,1987,2773636
Alabama,1988,2097596
Alabama,1989,2843587
Alabama,1990,2752590
Alabama,1991,2937981
Alabama,1992,2977311
Alabama,1993,3008575
Alabama,1994,2860724
Alabama,1995,3456100
Alabama,1996,3138237
Alabama,1997,3387123
Alabama,1998,3434117
Alabama,1999,3445893
Alabama,2000,3521444
Alabama,2001,3559897
Alabama,2002,3577986
Alabama,2003,3598034
Alabama,2004,3613138
Alabama,2005,3637414
Alabama,2006,3665180
Alabama,2007,3691762
Alabama,2008,3753550
Alabama,2009,3782284
Alabama,2010,3805751
Alabama,2011,3798552
Alabama,2012,3827522
Alabama,2013,3859403
Alabama,2014,3881542
Alabama,2015,3907038
Alabama,2016,3943082
Alabama,2017,3954378
Alabama,2018,3999057
Alabama,2019,4026151
Alabama,2020,4042900
Alabama,2021,4061837
Alabama,2022,4087885
Alabama,2023,4087885
Alaska,1959,108889
Alaska,1960,109060
Alaska,1961,104868
Alaska,1962,96825
Alaska,1963,103869
Alaska,1964,111616
Alaska,1965,119338
Alaska,1966,107446
Alaska,1967,114563
Alaska,1968,128429
Alaska,1969,135194
Alaska,1970,141317
Alaska,1971,146572
Alaska,1972,153631
Alaska,1973,161188
Alaska,1974,179155
Alaska,1975,208397
Alaska,1976,213619
Alaska,1977,225781
Alaska,1978,220696
Alaska,1979,218856
Alaska,1980,217040
Alaska,1981,228477
Alaska,1982,258061
Alaska,1983,288739
Alaska,1984,305000
Alaska,1985,300000
Alaska,1986,310000
Alaska,1987,300000
Alaska,1988,300000
Alaska,1989,300000
Alaska,1990,314300
Alaska,1991,318000
Alaska,1992,405100
Alaska,1993,437696
Alaska,1994,435677
Alaska,1995,434389
Alaska,1996,439855
Alaska,1997,446247
Alaska,1998,456891
Alaska,1999,459362
Alaska,2000,465256
Alaska,2001,472211
Alaska,2002,480295
Alaska,2003,481487
Alaska,2004,482532
Alaska,2005,486582
Alaska,2006,489024
Alaska,2007,495249
Alaska,2008,503162
Alaska,2009,507759
Alaska,2010,515239
Alaska,2011,521280
Alaska,2012,526371
Alaska,2013,528873
Alaska,2014,531744
Alaska,2015,533227
Alaska,2016,534585
Alaska,2017,534585
Alaska,2018,536033
Alaska,2019,529281
Alaska,2020,518872
Alaska,2021,519288
Alaska,2022,521220
Alaska,2023,525195
Arizona,1949,308319
Arizona,1950,335730
Arizona,1951,364315
Arizona,1952,416341
Arizona,1953,453758
Arizona,1954,419144
Arizona,1955,477722
Arizona,1956,541373
Arizona,1957,591851
Arizona,1958,644039
Arizona,1959,715869
Arizona,1960,777899
Arizona,1961,830741
Arizona,1962,872419
Arizona,1963,895299
Arizona,1964,906878
Arizona,1965,907739
Arizona,1966,941107
Arizona,1967,964336
Arizona,1968,1003749
Arizona,1969,1045034
Arizona,1970,1124207
Arizona,1971,1172814
Arizona,1972,1184421
Arizona,1973,1221771
Arizona,1974,1284155
Arizona,1975,1326436
Arizona,1976,1373033
Arizona,1977,1419363
Arizona,1978,1612555
Arizona,1979,1771363
Arizona,1980,1933321
Arizona,1981,2020142
Arizona,1982,2085980
Arizona,1983,2178815
Arizona,1984,2256884
Arizona,1985,2324591
Arizona,1986,2162505
Arizona,1987,2272863
Arizona,1988,2351903
Arizona,1989,2371588
Arizona,1990,2392618
Arizona,1991,2400002
Arizona,1992,2505887
Arizona,1993,2623680
Arizona,1994,2849304
Arizona,1995,2626222
Arizona,1996,2727312
Arizona,1997,3119537
Arizona,1998,3198276
Arizona,1999,3297281
Arizona,2000,3433995
Arizona,2001,3550367
Arizona,2002,3668326
Arizona,2003,3819425
Arizona,2004,3783927
Arizona,2005,3943180
Arizona,2006,4032643
Arizona,2007,4153739
Arizona,2008,4315579
Arizona,2009,4403390
Arizona,2010,4443647
Arizona,2011,4592398
Arizona,2012,4697579
Arizona,2013,4791450
Arizona,2014,4881801
Arizona,2015,4978762
Arizona,2016,5082305
Arizona,2017,5164966
Arizona,2018,5284970
Arizona,2019,5369210
Arizona,2020,5681495
Arizona,2021,5795216
Arizona,2022,5847661
Arizona,2023,5849992
Arkansas,1949,585314
Arkansas,1950,591578
Arkansas,1951,635931
Arkansas,1952,660471
Arkansas,1953,688843
Arkansas,1954,707180
Arkansas,1955,743721
Arkansas,1956,769220
Arkansas,1957,786259
Arkansas,1958,779360
Arkansas,1959,798678
Arkansas,1960,810825
Arkansas,1961,818530
Arkansas,1962,842703
Arkansas,1963,880526
Arkansas,1964,918355
Arkansas,1965,948532
Arkansas,1966,982862
Arkansas,1967,1012907
Arkansas,1968,1051218
Arkansas,1969,1034821
Arkansas,1970,1057874
Arkansas,1971,1081045
Arkansas,1972,1119004
Arkansas,1973,1203248
Arkansas,1974,1269165
Arkansas,1975,1312403
Arkansas,1976,1358286
Arkansas,1977,1402035
Arkansas,1978,1366869
Arkansas,1979,1412169
Arkansas,1980,1468700
Arkansas,1981,1532316
Arkansas,1982,1591119
Arkansas,1983,1649567
Arkansas,1984,1674379
Arkansas,1985,1723753
Arkansas,1986,1645779
Arkansas,1987,1657795
Arkansas,1988,1676863
Arkansas,1989,1710953
Arkansas,1990,1722021
Arkansas,1991,1720270
Arkansas,1992,1712225
Arkansas,1993,1750765
Arkansas,1994,1768394
Arkansas,1995,1769012
Arkansas,1996,1752229
Arkansas,1997,1878618
Arkansas,1998,1918451
Arkansas,1999,1925733
Arkansas,2000,1947867
Arkansas,2001,1961883
Arkansas,2002,1965008
Arkansas,2003,1998127
Arkansas,2004,1862430
Arkansas,2005,2024466
Arkansas,2006,2034975
Arkansas,2007,2046039
Arkansas,2008,2055189
Arkansas,2009,2065065
Arkansas,2010,2077806
Arkansas,2011,1956091
Arkansas,2012,2199164
Arkansas,2013,2097201
Arkansas,2014,2111873
Arkansas,2015,2119578
Arkansas,2016,2391103
Arkansas,2017,2417464
Arkansas,2018,2145334
Arkansas,2019,2153929
Arkansas,2020,2153929
Arkansas,2021,2306921
Arkansas,2022,2306921
Arkansas,2023,2306921
California,1949,5083333
California,1950,5182893
California,1951,5470713
California,1952,5803946
California,1953,6127287
California,1954,6351316
California,1955,6631453
California,1956,6964514
California,1957,7320862
California,1958,7622056
California,1959,8154462
California,1960,8694099
California,1961,9172640
California,1962,8541854
California,1963,9053189
California,1964,9516910
California,1965,9916119
California,1966,10356079
California,1967,10688074
California,1968,11324141
California,1969,11425000
California,1970,11646000
California,1971,12130000
California,1972,12650000
California,1973,12775000
California,1974,13176000
California,1975,13564000
California,1976,14047000
California,1977,14579000
California,1978,15020183
California,1979,15336179
California,1980,15668731
California,1981,16046252
California,1982,16299376
California,1983,16648518
California,1984,16946908
California,1985,17444640
California,1986,18017285
California,1987,18562926
California,1988,18925973
California,1989,19569735
California,1990,19845906
California,1991,19930785
California,1992,20110665
California,1993,20123481
California,1994,20156177
California,1995,20139586
California,1996,20249200
California,1997,20385245
California,1998,20498902
California,1999,20830674
California,2000,21243939
California,2001,21623793
California,2002,22394800
California,2003,22657288
California,2004,22761088
California,2005,22895965
California,2006,23021279
California,2007,23467452
California,2008,23697667
California,2009,23680643
California,2010,23753441
California,2011,23856600
California,2012,24200997
California,2013,24390236
California,2014,24813346
California,2015,25532920
California,2016,26199436
California,2017,26777132
California,2018,27039400
California,2019,27213650
California,2020,27005302
California,2021,27112595
California,2022,27632103
California,2023,27742348
Colorado,1949,670882
Colorado,1950,717213
Colorado,1951,754359
Colorado,1952,802919
Colorado,1953,845550
Colorado,1954,871387
Colorado,1955,896288
Colorado,1956,954684
Colorado,1957,1009028
Colorado,1958,1036012
Colorado,1959,1077172
Colorado,1960,1092354
Colorado,1961,1120544
Colorado,1962,1159561
Colorado,1963,1156167
Colorado,1964,1092661
Colorado,1965,1122925
Colorado,1966,1227440
Colorado,1967,1261386
Colorado,1968,1260787
Colorado,1969,1332537
Colorado,1970,1379460
Colorado,1971,1475154
Colorado,1972,1535918
Colorado,1973,1611341
Colorado,1974,1643451
Colorado,1975,1689795
Colorado,1976,1774280
Colorado,1977,1878330
Colorado,1978,1996420
Colorado,1979,2024327
Colorado,1980,2048409
Colorado,1981,2104355
Colorado,1982,2182380
Colorado,1983,2229042
Colorado,1984,2269225
Colorado,1985,2284364
Colorado,1986,2292473
Colorado,1987,2310349
Colorado,1988,2226285
Colorado,1989,2115926
Colorado,1990,2043003
Colorado,1991,2083864
Colorado,1992,2392276
Colorado,1993,2591011
Colorado,1994,2732682
Colorado,1995,2727570
Colorado,1996,2756807
Colorado,1997,2836339.48
Colorado,1998,2946476
Colorado,1999,2990673.14
Colorado,2000,3107258
Colorado,2001,3287922
Colorado,2002,3165815
Colorado,2003,2975337
Colorado,2004,3205054
Colorado,2005,3341275
Colorado,2006,3341275
Colorado,2007,3502709
Colorado,2008,3605682
Colorado,2009,3704561
Colorado,2010,3779273
Colorado,2011,3669816
Colorado,2012,3807673
Colorado,2013,3837488
Colorado,2014,3883362
Colorado,2015,3974521
Colorado,2016,4066580
Colorado,2017,4156138
Colorado,2018,4244713
Colorado,2019,4235384
Colorado,2020,4299447
Colorado,2021,4411587
Colorado,2022,4477447
Colorado,2023,4486899
Connecticut,1949,794554
Connecticut,1950,836983
Connecticut,1951,890252
Connecticut,1952,934181
Connecticut,1953,979849
Connecticut,1954,1023130
Connecticut,1955,1108718
Connecticut,1956,1164395
Connecticut,1957,1198326
Connecticut,1958,1252899
Connecticut,1959,1396146
Connecticut,1960,1449444
Connecticut,1961,1505663
Connecticut,1962,1552438
Connecticut,1963,1482600
Connecticut,1964,1666103
Connecticut,1965,1766070
Connecticut,1966,1842596
Connecticut,1967,1897875
Connecticut,1968,1982948
Connecticut,1969,1709530
Connecticut,1970,1724174
Connecticut,1971,1760286
Connecticut,1972,1797821
Connecticut,1973,1807796
Connecticut,1974,1784898
Connecticut,1975,1860781
Connecticut,1976,1889714
Connecticut,1977,1912713
Connecticut,1978,2060965
Connecticut,1979,2107092
Connecticut,1980,2174482
Connecticut,1981,2197505
Connecticut,1982,2235145
Connecticut,1983,2249525
Connecticut,1984,2336665
Connecticut,1985,2314612
Connecticut,1986,2334843
Connecticut,1987,2346668
Connecticut,1988,2369966
Connecticut,1989,2373817
Connecticut,1990,2214146
Connecticut,1991,2212725
Connecticut,1992,2357607
Connecticut,1993,2180314
Connecticut,1994,2318543
Connecticut,1995,2349051
Connecticut,1996,2343779
Connecticut,1997,2270228
Connecticut,1998,2349286
Connecticut,1999,2373723
Connecticut,2000,2652593
Connecticut,2001,2650374
Connecticut,2002,2672145
Connecticut,2003,2659918
Connecticut,2004,2694574
Connecticut,2005,2740270
Connecticut,2006,2805124
Connecticut,2007,2848602
Connecticut,2008,2883324
Connecticut,2009,2916143
Connecticut,2010,2934576
Connecticut,2011,2986267
Connecticut,2012,2485708
Connecticut,2013,2534090
Connecticut,2014,2542588
Connecticut,2015,2566673
Connecticut,2016,2611007
Connecticut,2017,2586994
Connecticut,2018,2605612
Connecticut,2019,2608061
Connecticut,2020,2508670
Connecticut,2021,2606396
Connecticut,2022,2628775
Connecticut,2023,2632273
Delaware,1949,139347
Delaware,1950,148234
Delaware,1951,153007
Delaware,1952,160636
Delaware,1953,173962
Delaware,1954,176322
Delaware,1955,191694
Delaware,1956,202846
Delaware,1957,211453
Delaware,1958,216795
Delaware,1959,224503
Delaware,1960,231288
Delaware,1961,246512
Delaware,1962,250966
Delaware,1963,265401
Delaware,1964,258668
Delaware,1965,276418
Delaware,1966,285993
Delaware,1967,295086
Delaware,1968,311693
Delaware,1969,308475
Delaware,1970,326941
Delaware,1971,339608
Delaware,1972,348779
Delaware,1973,370704
Delaware,1974,370269
Delaware,1975,373774
Delaware,1976,381408
Delaware,1977,383749
Delaware,1978,402907
Delaware,1979,408471
Delaware,1980,417462
Delaware,1981,429036
Delaware,1982,433284
Delaware,1983,432029
Delaware,1984,440310
Delaware,1985,447937
Delaware,1986,455400
Delaware,1987,462514
Delaware,1988,468844
Delaware,1989,480622
Delaware,1990,484801
Delaware,1991,495281
Delaware,1992,501397
Delaware,1993,506274
Delaware,1994,513406
Delaware,1995,524992
Delaware,1996,529291
Delaware,1997,535712
Delaware,1998,545872
Delaware,1999,551787
Delaware,2000,556688
Delaware,2001,564099
Delaware,2002,573021
Delaware,2003,585136
Delaware,2004,533943
Delaware,2005,610406
Delaware,2006,619877
Delaware,2007,624472
Delaware,2008,651877
Delaware,2009,699745
Delaware,2010,695036
Delaware,2011,716109
Delaware,2012,720290
Delaware,2013,723657
Delaware,2014,732349
Delaware,2015,742524
Delaware,2016,756328
Delaware,2017,770512
Delaware,2018,786504
Delaware,2019,812529
Delaware,2020,829226
Delaware,2021,848504
Delaware,2022,862122
Delaware,2023,886022
Dist. of Col.,1949,303370
Dist. of Col.,1950,314037
Dist. of Col.,1951,320618
Dist. of Col.,1952,324173
Dist. of Col.,1953,326360
Dist. of Col.,1954,330411
Dist. of Col.,1955,333749
Dist. of Col.,1956,336977
Dist. of Col.,1957,337026
Dist. of Col.,1958,337233
Dist. of Col.,1959,339988
Dist. of Col.,1960,342346
Dist. of Col.,1961,344767
Dist. of Col.,1962,347539
Dist. of Col.,1963,347193
Dist. of Col.,1964,349619
Dist. of Col.,1965,343782
Dist. of Col.,1966,343646
Dist. of Col.,1967,343549
Dist. of Col.,1968,343366
Dist. of Col.,1969,346454
Dist. of Col.,1970,339272
Dist. of Col.,1971,345151
Dist. of Col.,1972,344671
Dist. of Col.,1973,335388
Dist. of Col.,1974,331938
Dist. of Col.,1975,335515
Dist. of Col.,1976,335371
Dist. of Col.,1977,349685
Dist. of Col.,1978,349049
Dist. of Col.,1979,345211
Dist. of Col.,1980,344042
Dist. of Col.,1981,343000
Dist. of Col.,1982,385100
Dist. of Col.,1983,370196
Dist. of Col.,1984,374159
Dist. of Col.,1985,384736
Dist. of Col.,1986,388658
Dist. of Col.,1987,388835
Dist. of Col.,1988,391775
Dist. of Col.,1989,394344
Dist. of Col.,1990,412312
Dist. of Col.,1991,406270
Dist. of Col.,1992,351675
Dist. of Col.,1993,361068
Dist. of Col.,1994,361854
Dist. of Col.,1995,338549
Dist. of Col.,1996,333445
Dist. of Col.,1997,356181
Dist. of Col.,1998,349835
Dist. of Col.,1999,348873
Dist. of Col.,2000,348216
Dist. of Col.,2001,328094
Dist. of Col.,2002,309349
Dist. of Col.,2003,313027
Dist. of Col.,2004,349122
Dist. of Col.,2005,330363
Dist. of Col.,2006,357569
Dist. of Col.,2007,396193
Dist. of Col.,2008,373735
Dist. of Col.,2009,376086
Dist. of Col.,2010,384940
Dist. of Col.,2011,395442
Dist. of Col.,2012,400993
Dist. of Col.,2013,405555
Dist. of Col.,2014,419896
Dist. of Col.,2015,455602
Dist. of Col.,2016,489831
Dist. of Col.,2017,521056
Dist. of Col.,2018,527731
Dist. of Col.,2019,535579
Dist. of Col.,2020,520865
Dist. of Col.,2021,510985
Dist. of Col.,2022,510985
Dist. of Col.,2023,521227
Florida,1949,1213234
Florida,1950,1302728
Florida,1951,1419975
Florida,1952,1530968
Florida,1953,1618884
Florida,1954,1708891
Florida,1955,1882318
Florida,1956,2138007
Florida,1957,2384867
Florida,1958,2431957
Florida,1959,2552905
Florida,1960,2658883
Florida,1961,2755703
Florida,1962,2919457
Florida,1963,3073245
Florida,1964,2976004
Florida,1965,3091863
Florida,1966,3237123
Florida,1967,3335861
Florida,1968,3424776
Florida,1969,3613764
Florida,1970,3994024
Florida,1971,4083846
Florida,1972,4360625
Florida,1973,4758804
Florida,1974,4945289
Florida,1975,5673691
Florida,1976,6256318
Florida,1977,6572489
Florida,1978,6868333
Florida,1979,7289502
Florida,1980,7267962
Florida,1981,7641035
Florida,1982,7978824
Florida,1983,8347269
Florida,1984,8185949
Florida,1985,8016239
Florida,1986,8334798
Florida,1987,8593062
Florida,1988,8789843
Florida,1989,9006249
Florida,1990,9231405
Florida,1991,9692974
Florida,1992,10537677
Florida,1993,10762041
Florida,1994,11005438
Florida,1995,11024064
Florida,1996,11399593
Florida,1997,11749244
Florida,1998,12026947
Florida,1999,12400841
Florida,2000,12853428
Florida,2001,12743403
Florida,2002,12744055
Florida,2003,12905812
Florida,2004,13146357
Florida,2005,13373700
Florida,2006,13988630
Florida,2007,14138846
Florida,2008,14033844
Florida,2009,14005066
Florida,2010,13949726
Florida,2011,13882423
Florida,2012,13896581
Florida,2013,13670441
Florida,2014,13898347
Florida,2015,14262715
Florida,2016,14675160
Florida,2017,15076358
Florida,2018,15368695
Florida,2019,15560628
Florida,2020,15715373
Florida,2021,16144302
Florida,2022,16495556
Florida,2023,17018351
Georgia,1949,1125332
Georgia,1950,1187294
Georgia,1951,1304311
Georgia,1952,1353844
Georgia,1953,1390056
Georgia,1954,1445922
Georgia,1955,1596537
Georgia,1956,1623123
Georgia,1957,1681900
Georgia,1958,1716588
Georgia,1959,1729002
Georgia,1960,1791253
Georgia,1961,1846208
Georgia,1962,1975460
Georgia,1963,2102442
Georgia,1964,2032902
Georgia,1965,2182527
Georgia,1966,2208192
Georgia,1967,2152911
Georgia,1968,2279084
Georgia,1969,2470003
Georgia,1970,2709823
Georgia,1971,2731046
Georgia,1972,3205859
Georgia,1973,3338920
Georgia,1974,3452478
Georgia,1975,3038079
Georgia,1976,2897688
Georgia,1977,3163940
Georgia,1978,3213660
Georgia,1979,3276692
Georgia,1980,3423669
Georgia,1981,3517737
Georgia,1982,3605067
Georgia,1983,3725127
Georgia,1984,3901386
Georgia,1985,3910454
Georgia,1986,4081482
Georgia,1987,4215283
Georgia,1988,4335537
Georgia,1989,4317566
Georgia,1990,4478260
Georgia,1991,4610271
Georgia,1992,4599515
Georgia,1993,4613295
Georgia,1994,4816618
Georgia,1995,4840495
Georgia,1996,4966348
Georgia,1997,5063191.786
Georgia,1998,5315739
Georgia,1999,5471100
Georgia,2000,5550176.175582771
Georgia,2001,5833802
Georgia,2002,6012847
Georgia,2003,5757953
Georgia,2004,5793143
Georgia,2005,5939513
Georgia,2006,5906834
Georgia,2007,6134298
Georgia,2008,6257484
Georgia,2009,6315035
Georgia,2010,6507888
Georgia,2011,6505690
Georgia,2012,6581534
Georgia,2013,6607016
Georgia,2014,6650434
Georgia,2015,6906191
Georgia,2016,6975900
Georgia,2017,7060344
Georgia,2018,7168733
Georgia,2019,7261266
Georgia,2020,7521750
Georgia,2021,7663847
Georgia,2022,7360699
Georgia,2023,7691537
Hawaii,1960,275750
Hawaii,1961,291179
Hawaii,1962,303422
Hawaii,1963,319010
Hawaii,1964,336659
Hawaii,1965,362300
Hawaii,1966,379600
Hawaii,1967,392800
Hawaii,1968,374616
Hawaii,1969,462502
Hawaii,1970,501179
Hawaii,1971,523935
Hawaii,1972,491805
Hawaii,1973,475176
Hawaii,1974,492310
Hawaii,1975,517667
Hawaii,1976,532356
Hawaii,1977,534028
Hawaii,1978,533891
Hawaii,1979,536316
Hawaii,1980,541543
Hawaii,1981,534851
Hawaii,1982,561346
Hawaii,1983,575013
Hawaii,1984,583452
Hawaii,1985,593952
Hawaii,1986,612101
Hawaii,1987,628027
Hawaii,1988,634880
Hawaii,1989,657156
Hawaii,1990,677626
Hawaii,1991,699664
Hawaii,1992,716545
Hawaii,1993,734381
Hawaii,1994,745392
Hawaii,1995,732508
Hawaii,1996,733486
Hawaii,1997,738865
Hawaii,1998,746329
Hawaii,1999,752693
Hawaii,2000,769383
Hawaii,2001,787820
Hawaii,2002,814668
Hawaii,2003,834188
Hawaii,2004,843876
Hawaii,2005,856163
Hawaii,2006,867375
Hawaii,2007,862903
Hawaii,2008,884767
Hawaii,2009,889918
Hawaii,2010,909407
Hawaii,2011,911660
Hawaii,2012,915033
Hawaii,2013,915033
Hawaii,2014,902639
Hawaii,2015,909797
Hawaii,2016,931703
Hawaii,2017,951008
Hawaii,2018,948417
Hawaii,2019,943173
Hawaii,2020,921547
Hawaii,2021,917464
Hawaii,2022,937076
Hawaii,2023,943671
Idaho,1949,319956
Idaho,1950,350399
Idaho,1951,376987
Idaho,1952,346035
Idaho,1953,330488
Idaho,1954,349997
Idaho,1955,357325
Idaho,1956,369142
Idaho,1957,378378
Idaho,1958,391023
Idaho,1959,403473
Idaho,1960,420045
Idaho,1961,400505
Idaho,1962,394169
Idaho,1963,402143
Idaho,1964,413089
Idaho,1965,427291
Idaho,1966,419562
Idaho,1967,429233
Idaho,1968,473323
Idaho,1969,473704
Idaho,1970,484465
Idaho,1971,501100
Idaho,1972,508203
Idaho,1973,539340
Idaho,1974,553351
Idaho,1975,522944
Idaho,1976,600029
Idaho,1977,595292
Idaho,1978,587583
Idaho,1979,621864
Idaho,1980,631008
Idaho,1981,642702
Idaho,1982,663411
Idaho,1983,648108
Idaho,1984,669092
Idaho,1985,692404
Idaho,1986,684098
Idaho,1987,690893
Idaho,1988,707561
Idaho,1989,706472
Idaho,1990,704184
Idaho,1991,711662
Idaho,1992,720974
Idaho,1993,770403
Idaho,1994,800513
Idaho,1995,805911
Idaho,1996,819713
Idaho,1997,843891
Idaho,1998,862674
Idaho,1999,872825
Idaho,2000,883546
Idaho,2001,896666
Idaho,2002,907029
Idaho,2003,921283
Idaho,2004,942983
Idaho,2005,978450
Idaho,2006,1008016
Idaho,2007,1027502
Idaho,2008,1038314
Idaho,2009,1055269
Idaho,2010,1069542
Idaho,2011,1083992
Idaho,2012,1092977
Idaho,2013,1111485
Idaho,2014,1128497
Idaho,2015,1135009
Idaho,2016,1160922
Idaho,2017,1190367
Idaho,2018,1252535
Idaho,2019,1252535
Idaho,2020,1285331
Idaho,2021,1343453
Idaho,2022,1392644
Idaho,2023,1398007
Illinois,1949,3886940
Illinois,1950,3994644
Illinois,1951,3791880
Illinois,1952,3969700
Illinois,1953,4219242
Illinois,1954,4170500
Illinois,1955,4254313
Illinois,1956,4489089
Illinois,1957,4586045
Illinois,1958,4533629
Illinois,1959,4538406
Illinois,1960,4564904
Illinois,1961,4585638
Illinois,1962,4647242
Illinois,1963,5228632
Illinois,1964,5441669
Illinois,1965,5596806
Illinois,1966,5820736
Illinois,1967,5801527
Illinois,1968,5971676
Illinois,1969,5689165
Illinois,1970,5752361
Illinois,1971,5903167
Illinois,1972,6003602
Illinois,1973,6124554
Illinois,1974,6299774
Illinois,1975,6389533
Illinois,1976,6548674
Illinois,1977,6741192
Illinois,1978,6853843
Illinois,1979,6929810
Illinois,1980,7002549
Illinois,1981,6863009
Illinois,1982,6964608
Illinois,1983,6984733
Illinois,1984,6685374
Illinois,1985,6949622
Illinois,1986,7093371
Illinois,1987,7186070
Illinois,1988,7262508
Illinois,1989,7205156
Illinois,1990,7294732
Illinois,1991,7359537
Illinois,1992,7410693
Illinois,1993,7462158
Illinois,1994,7502201
Illinois,1995,7210972
Illinois,1996,7609618
Illinois,1997,7691750
Illinois,1998,7700880
Illinois,1999,7925204
Illinois,2000,7961046
Illinois,2001,7809500
Illinois,2002,8033399
Illinois,2003,8054232
Illinois,2004,8057683
Illinois,2005,7870872
Illinois,2006,8071253
Illinois,2007,8190023
Illinois,2008,8260940
Illinois,2009,8301118
Illinois,2010,8373969
Illinois,2011,8373969
Illinois,2012,8235745
Illinois,2013,8261582
Illinois,2014,8373565
Illinois,2015,8462193
Illinois,2016,8514644
Illinois,2017,8529404
Illinois,2018,8714788
Illinois,2019,8546932
Illinois,2020,8225298
Illinois,2021,8364843
Illinois,2022,8509418
Illinois,2023,8631485
Indiana,1949,2008680
Indiana,1950,1690355
Indiana,1951,1847155
Indiana,1952,1909608
Indiana,1953,2011444
Indiana,1954,2104550
Indiana,1955,2204688
Indiana,1956,2604020
Indiana,1957,2300572
Indiana,1958,2292818
Indiana,1959,2299373
Indiana,1960,2298352
Indiana,1961,2395947
Indiana,1962,2453097
Indiana,1963,2499735
Indiana,1964,2543110
Indiana,1965,2685940
Indiana,1966,2752313
Indiana,1967,2661091
Indiana,1968,2572598
Indiana,1969,2840439
Indiana,1970,2699127
Indiana,1971,2803665
Indiana,1972,2936579
Indiana,1973,2876539
Indiana,1974,3185040
Indiana,1975,3337783
Indiana,1976,3445290
Indiana,1977,3474158
Indiana,1978,3529895
Indiana,1979,3591167
Indiana,1980,3631457
Indiana,1981,3495306
Indiana,1982,3345254
Indiana,1983,3550785
Indiana,1984,3574337
Indiana,1985,3597585
Indiana,1986,3761193
Indiana,1987,3590173
Indiana,1988,3773008
Indiana,1989,3838030
Indiana,1990,3601354
Indiana,1991,3453186
Indiana,1992,3800436
Indiana,1993,3790781
Indiana,1994,3860329
Indiana,1995,3706182
Indiana,1996,3704156
Indiana,1997,3923614
Indiana,1998,3976241
Indiana,1999,3856177
Indiana,2000,3976241
Indiana,2001,4116924
Indiana,2002,4221123
Indiana,2003,4536205
Indiana,2004,4521329
Indiana,2005,4246189
Indiana,2006,4246189
Indiana,2007,4308845
Indiana,2008,5550469
Indiana,2009,5550469
Indiana,2010,5550469
Indiana,2011,6569665
Indiana,2012,5375973
Indiana,2013,4500403
Indiana,2014,4448099
Indiana,2015,4467848
Indiana,2016,4553259
Indiana,2017,4553584
Indiana,2018,4589405
Indiana,2019,4589405
Indiana,2020,4532708
Indiana,2021,4636114
Indiana,2022,4653808
Indiana,2023,4720185
Iowa,1949,1490445
Iowa,1950,1473892
Iowa,1951,1421409
Iowa,1952,1313307
Iowa,1953,1336214
Iowa,1954,1352066
Iowa,1955,1365395
Iowa,1956,1396833
Iowa,1957,1403514
Iowa,1958,1452967
Iowa,1959,1470814
Iowa,1960,1458038
Iowa,1961,1470674
Iowa,1962,1476392
Iowa,1963,1474980
Iowa,1964,1498703
Iowa,1965,1517455
Iowa,1966,1552569
Iowa,1967,1584015
Iowa,1968,1597635
Iowa,1969,1632757
Iowa,1970,1678262
Iowa,1971,1688591
Iowa,1972,1727257
Iowa,1973,1780781
Iowa,1974,1843033
Iowa,1975,1883513
Iowa,1976,1959216
Iowa,1977,1984650
Iowa,1978,2021520
Iowa,1979,2106066
Iowa,1980,2106608
Iowa,1981,2122000
Iowa,1982,1926852
Iowa,1983,1928799
Iowa,1984,1927018
Iowa,1985,1900998
Iowa,1986,1883849
Iowa,1987,1842538
Iowa,1988,1886950
Iowa,1989,1921629
Iowa,1990,1872486
Iowa,1991,1856650
Iowa,1992,1858605
Iowa,1993,1899430
Iowa,1994,1896518
Iowa,1995,1905450
Iowa,1996,1955601
Iowa,1997,1952935
Iowa,1998,1950374
Iowa,1999,1935201
Iowa,2000,1952508
Iowa,2001,1978748
Iowa,2002,1992803
Iowa,2003,1977909
Iowa,2004,2003723
Iowa,2005,2033417
Iowa,2006,2040873
Iowa,2007,2093649
Iowa,2008,1989663
Iowa,2009,2145333
Iowa,2010,2166759
Iowa,2011,2191715
Iowa,2012,2217304
Iowa,2013,2143665
Iowa,2014,2227950
Iowa,2015,2224130
Iowa,2016,2245640
Iowa,2017,2246829
Iowa,2018,2260271
Iowa,2019,2274431
Iowa,2020,2268916
Iowa,2021,2345355
Iowa,2022,2354046
Iowa,2023,2379791
Kansas,1949,1206847
Kansas,1950,1155918
Kansas,1951,1144254
Kansas,1952,1187913
Kansas,1953,1278250
Kansas,1954,1257969
Kansas,1955,1315646
Kansas,1956,1350830
Kansas,1957,1318248
Kansas,1958,1348365
Kansas,1959,1394137
Kansas,1960,1406670
Kansas,1961,1416000
Kansas,1962,1291960
Kansas,1963,1324862
Kansas,1964,1361274
Kansas,1965,1355147
Kansas,1966,1363697
Kansas,1967,1409730
Kansas,1968,1395788
Kansas,1969,1436194
Kansas,1970,1453075
Kansas,1971,1495889
Kansas,1972,1564697
Kansas,1973,1593442
Kansas,1974,1641506
Kansas,1975,1671609
Kansas,1976,1718246
Kansas,1977,1768749
Kansas,1978,1778369
Kansas,1979,1851585
Kansas,1980,1675438
Kansas,1981,1680099
Kansas,1982,1693782
Kansas,1983,1681197
Kansas,1984,1691552
Kansas,1985,1655820
Kansas,1986,1651608
Kansas,1987,1678418
Kansas,1988,1705869
Kansas,1989,1703798
Kansas,1990,1714507
Kansas,1991,1780520
Kansas,1992,1691883
Kansas,1993,1774036
Kansas,1994,1771566
Kansas,1995,1770786
Kansas,1996,1788259
Kansas,1997,1824944
Kansas,1998,1851449
Kansas,1999,1892478
Kansas,2000,1908117
Kansas,2001,1871301
Kansas,2002,1935361
Kansas,2003,1987251
Kansas,2004,1979746
Kansas,2005,1974238
Kansas,2006,2003112
Kansas,2007,2018219
Kansas,2008,2021905
Kansas,2009,2045426
Kansas,2010,2033092
Kansas,2011,2025581
Kansas,2012,2018029
Kansas,2013,2017759
Kansas,2014,2021271
Kansas,2015,2028657
Kansas,2016,2030025
Kansas,2017,2029869
Kansas,2018,2149430
Kansas,2019,2154260
Kansas,2020,2004302
Kansas,2021,2089707
Kansas,2022,2052073
Kansas,2023,2024483
Kentucky,1949,842214
Kentucky,1950,921721
Kentucky,1951,953432
Kentucky,1952,1000200
Kentucky,1953,1059739
Kentucky,1954,1137155
Kentucky,1955,1138038
Kentucky,1956,1180000
Kentucky,1957,1202226
Kentucky,1958,1183646
Kentucky,1959,1250256
Kentucky,1960,1253649
Kentucky,1961,1280113
Kentucky,1962,1334964
Kentucky,1963,1401459
Kentucky,1964,1472108
Kentucky,1965,1353027
Kentucky,1966,1382505
Kentucky,1967,1441985
Kentucky,1968,1476588
Kentucky,1969,1571788
Kentucky,1970,1609191
Kentucky,1971,1626355
Kentucky,1972,1683984
Kentucky,1973,1722322
Kentucky,1974,1742084
Kentucky,1975,1872766
Kentucky,1976,1956937
Kentucky,1977,1993756
Kentucky,1978,2037552
Kentucky,1979,2067777
Kentucky,1980,2055297
Kentucky,1981,2147255
Kentucky,1982,2141104
Kentucky,1983,2192567
Kentucky,1984,2249177
Kentucky,1985,2248381
Kentucky,1986,2298441
Kentucky,1987,2338005
Kentucky,1988,2367574
Kentucky,1989,2392052
Kentucky,1990,2401661
Kentucky,1991,2413670
Kentucky,1992,2457118
Kentucky,1993,2468992
Kentucky,1994,2516408
Kentucky,1995,2535463
Kentucky,1996,2566545
Kentucky,1997,2574662
Kentucky,1998,2640335
Kentucky,1999,2660468
Kentucky,2000,2694469
Kentucky,2001,2756634
Kentucky,2002,2772674
Kentucky,2003,2799635
Kentucky,2004,2823454
Kentucky,2005,2860729
Kentucky,2006,2896460
Kentucky,2007,2933266
Kentucky,2008,2932659
Kentucky,2009,2939423
Kentucky,2010,2950191
Kentucky,2011,2959881
Kentucky,2012,2985234
Kentucky,2013,3019283
Kentucky,2014,3004919
Kentucky,2015,3021266
Kentucky,2016,3031447
Kentucky,2017,3019008
Kentucky,2018,3032530
Kentucky,2019,3030329
Kentucky,2020,2905632
Kentucky,2021,2980331
Kentucky,2022,2993550
Kentucky,2023,3001191
Louisiana,1949,729326
Louisiana,1950,850569
Louisiana,1951,854139
Louisiana,1952,890015
Louisiana,1953,1018539
Louisiana,1954,979721
Louisiana,1955,1063722
Louisiana,1956,1161389
Louisiana,1957,1172626
Louisiana,1958,1251675
Louisiana,1959,1274574
Louisiana,1960,1308427
Louisiana,1961,1321035
Louisiana,1962,1362622
Louisiana,1963,1358046
Louisiana,1964,1463826
Louisiana,1965,1537304
Louisiana,1966,1594848
Louisiana,1967,1621822
Louisiana,1968,1676969
Louisiana,1969,1723203
Louisiana,1970,1781620
Louisiana,1971,1812868
Louisiana,1972,1916845
Louisiana,1973,2015999
Louisiana,1974,2033227
Louisiana,1975,2121973
Louisiana,1976,2152850
Louisiana,1977,2223033
Louisiana,1978,2258857
Louisiana,1979,2291000
Louisiana,1980,2259417
Louisiana,1981,2405698
Louisiana,1982,2539776
Louisiana,1983,2767356
Louisiana,1984,2830287
Louisiana,1985,2755943
Louisiana,1986,2700790
Louisiana,1987,2614425
Louisiana,1988,2597965
Louisiana,1989,2573954
Louisiana,1990,2575460
Louisiana,1991,2594762
Louisiana,1992,2616830
Louisiana,1993,2576701
Louisiana,1994,2594615
Louisiana,1995,2593509
Louisiana,1996,2624131
Louisiana,1997,2677845
Louisiana,1998,2736305
Louisiana,1999,2762571
Louisiana,2000,2759120
Louisiana,2001,2718209
Louisiana,2002,3168238
Louisiana,2003,3119960
Louisiana,2004,3169627
Louisiana,2005,3083516
Louisiana,2006,3014191
Louisiana,2007,3033966
Louisiana,2008,2998162
Louisiana,2009,3086004
Louisiana,2010,3133631
Louisiana,2011,3186227
Louisiana,2012,2923744
Louisiana,2013,3278143
Louisiana,2014,3312630
Louisiana,2015,3357091
Louisiana,2016,3395095
Louisiana,2017,3425656
Louisiana,2018,3425435
Louisiana,2019,3435168
Louisiana,2020,3416648
Louisiana,2021,3437733
Louisiana,2022,3401947
Louisiana,2023,3404603
Maine,1949,325988
Maine,1950,338355
Maine,1951,349163
Maine,1952,357859
Maine,1953,369477
Maine,1954,377489
Maine,1955,391231
Maine,1956,406246
Maine,1957,422004
Maine,1958,425547
Maine,1959,442410
Maine,1960,445731
Maine,1961,454065
Maine,1962,456549
Maine,1963,463465
Maine,1964,464258
Maine,1965,505229
Maine,1966,474068
Maine,1967,484748
Maine,1968,490659
Maine,1969,496633
Maine,1970,513388
Maine,1971,539720
Maine,1972,556881
Maine,1973,595478
Maine,1974,650462
Maine,1975,627962
Maine,1976,647359
Maine,1977,667681
Maine,1978,683290
Maine,1979,702490
Maine,1980,729893
Maine,1981,752553
Maine,1982,757264
Maine,1983,770240
Maine,1984,790623
Maine,1985,803830
Maine,1986,817928
Maine,1987,870716
Maine,1988,866728
Maine,1989,886912
Maine,1990,887042
Maine,1991,888963
Maine,1992,917944
Maine,1993,905533
Maine,1994,913597
Maine,1995,864447
Maine,1996,873713
Maine,1997,900843.83775
Maine,1998,912506
Maine,1999,911704
Maine,2000,920235
Maine,2001,942556
Maine,2002,948748
Maine,2003,932455
Maine,2004,984829
Maine,2005,1003972
Maine,2006,1005160
Maine,2007,1009780
Maine,2008,1006057
Maine,2009,1013533
Maine,2010,1019738
Maine,2011,1014826
Maine,2012,1008190
Maine,2013,1011385
Maine,2014,1018918
Maine,2015,1019879
Maine,2016,1021332
Maine,2017,1032703
Maine,2018,1040582
Maine,2019,1046129
Maine,2020,1047893
Maine,2021,1056535
Maine,2022,1060461
Maine,2023,1065361
Maryland,1949,756863
Maryland,1950,883457
Maryland,1951,920673
Maryland,1952,1012770
Maryland,1953,1065230
Maryland,1954,1166534
Maryland,1955,1191856
Maryland,1956,1251623
Maryland,1957,1315859
Maryland,1958,1337325
Maryland,1959,1409845
Maryland,1960,1480034
Maryland,1961,1455539
Maryland,1962,1531296
Maryland,1963,1613746
Maryland,1964,1567088
Maryland,1965,1639057
Maryland,1966,1792524
Maryland,1967,1867273
Maryland,1968,1925204
Maryland,1969,2015964
Maryland,1970,2054453
Maryland,1971,2072636
Maryland,1972,2151407
Maryland,1973,2217934
Maryland,1974,2358860
Maryland,1975,2440554
Maryland,1976,2487374
Maryland,1977,2529740
Maryland,1978,2550003
Maryland,1979,2645011
Maryland,1980,2721609
Maryland,1981,2723416
Maryland,1982,2741333
Maryland,1983,2799441
Maryland,1984,2860835
Maryland,1985,2907494
Maryland,1986,2949234
Maryland,1987,3009476
Maryland,1988,3136819
Maryland,1989,3097915
Maryland,1990,3361936
Maryland,1991,3213900
Maryland,1992,3233818
Maryland,1993,3274392
Maryland,1994,3308006
Maryland,1995,3344125
Maryland,1996,3377470
Maryland,1997,3346622
Maryland,1998,3177783
Maryland,1999,3194601
Maryland,2000,3382451
Maryland,2001,3451966
Maryland,2002,3523311
Maryland,2003,3552187
Maryland,2004,3594251
Maryland,2005,3709594
Maryland,2006,3694290
Maryland,2007,3737847
Maryland,2008,3786650
Maryland,2009,3904685
Maryland,2010,3918305
Maryland,2011,3856604
Maryland,2012,4102154
Maryland,2013,4140105
Maryland,2014,4142997
Maryland,2015,4185752
Maryland,2016,4264875
Maryland,2017,4329503
Maryland,2018,4407973
Maryland,2019,4463862
Maryland,2020,4454266
Maryland,2021,4439757
Maryland,2022,4398839
Maryland,2023,4331165
Massachusetts,1949,1596999
Massachusetts,1950,1772912
Massachusetts,1951,1749864
Massachusetts,1952,1876446
Massachusetts,1953,1862232
Massachusetts,1954,1969395
Massachusetts,1955,2002899
Massachusetts,1956,2108890
Massachusetts,1957,2118815
Massachusetts,1958,2202539
Massachusetts,1959,2505988
Massachusetts,1960,2609751
Massachusetts,1961,2435296
Massachusetts,1962,2518284
Massachusetts,1963,2448517
Massachusetts,1964,2549726
Massachusetts,1965,2635085
Massachusetts,1966,2738780
Massachusetts,1967,2790546
Massachusetts,1968,2850027
Massachusetts,1969,2900773
Massachusetts,1970,2987565
Massachusetts,1971,3060240
Massachusetts,1972,3141000
Massachusetts,1973,3209000
Massachusetts,1974,3567311
Massachusetts,1975,3554287
Massachusetts,1976,3643688
Massachusetts,1977,3652145
Massachusetts,1978,3726326
Massachusetts,1979,3700000
Massachusetts,1980,3640202
Massachusetts,1981,3593339
Massachusetts,1982,3641141
Massachusetts,1983,3678678
Massachusetts,1984,3831746
Massachusetts,1985,3792074
Massachusetts,1986,3922078
Massachusetts,1987,3944206
Massachusetts,1988,4249814
Massachusetts,1989,4257842
Massachusetts,1990,4229311
Massachusetts,1991,4205850
Massachusetts,1992,4170038
Massachusetts,1993,4161137
Massachusetts,1994,4471529
Massachusetts,1995,4211029
Massachusetts,1996,4355014
Massachusetts,1997,4393429
Massachusetts,1998,4394355
Massachusetts,1999,4421054
Massachusetts,2000,4489695
Massachusetts,2001,4610666
Massachusetts,2002,4686416
Massachusetts,2003,4645705
Massachusetts,2004,4645857
Massachusetts,2005,4612829
Massachusetts,2006,4711735
Massachusetts,2007,4699301
Massachusetts,2008,4674058
Massachusetts,2009,4629636
Massachusetts,2010,4592500
Massachusetts,2011,4683322.969696969
Massachusetts,2012,4733936
Massachusetts,2013,4765586
Massachusetts,2014,4765586
Massachusetts,2015,5040662
Massachusetts,2016,5040662
Massachusetts,2017,4935176
Massachusetts,2018,4944666
Massachusetts,2019,4950056
Massachusetts,2020,4940373
Massachusetts,2021,4899931
Massachusetts,2022,4889069
Massachusetts,2023,4867225
Michigan,1949,2741414
Michigan,1950,2885869
Michigan,1951,3002527
Michigan,1952,3161880
Michigan,1953,3265395
Michigan,1954,3145948
Michigan,1955,3195985
Michigan,1956,3272496
Michigan,1957,3885276
Michigan,1958,3959338
Michigan,1959,4040423
Michigan,1960,4077758
Michigan,1961,4113525
Michigan,1962,4159731
Michigan,1963,3977165
Michigan,1964,4025133
Michigan,1965,4306015
Michigan,1966,4417776
Michigan,1967,4513847
Michigan,1968,4572481
Michigan,1969,5009251
Michigan,1970,5127129
Michigan,1971,5213390
Michigan,1972,5311836
Michigan,1973,5436121
Michigan,1974,5532599
Michigan,1975,5949949
Michigan,1976,6049944
Michigan,1977,6150000
Michigan,1978,6250000
Michigan,1979,6350000
Michigan,1980,6400000
Michigan,1981,6450000
Michigan,1982,6390130
Michigan,1983,6344657
Michigan,1984,6200076
Michigan,1985,6254118
Michigan,1986,6332878
Michigan,1987,6378723
Michigan,1988,6388518
Michigan,1989,6422031
Michigan,1990,6440390
Michigan,1991,6433993
Michigan,1992,6480686
Michigan,1993,6527401
Michigan,1994,6601924
Michigan,1995,6658750
Michigan,1996,6716789
Michigan,1997,6751267
Michigan,1998,6802704
Michigan,1999,6863199
Michigan,2000,6925246
Michigan,2001,6976982
Michigan,2002,7025357
Michigan,2003,7065438
Michigan,2004,7103404
Michigan,2005,7105272
Michigan,2006,7112992
Michigan,2007,7058955
Michigan,2008,7118378
Michigan,2009,7082820
Michigan,2010,7083107
Michigan,2011,7059509
Michigan,2012,7018713
Michigan,2013,6986587
Michigan,2014,7046433
Michigan,2015,7104484
Michigan,2016,7074674
Michigan,2017,7095778
Michigan,2018,7153645
Michigan,2019,7141494
Michigan,2020,7026650
Michigan,2021,7982471
Michigan,2022,7776994
Michigan,2023,7715581
Minnesota,1949,1759593
Minnesota,1950,1708275
Minnesota,1951,1675010
Minnesota,1952,1654019
Minnesota,1953,1670011
Minnesota,1954,1763500
Minnesota,1955,1797759
Minnesota,1956,1595633
Minnesota,1957,1546510
Minnesota,1958,1708585
Minnesota,1959,1756215
Minnesota,1960,1792984
Minnesota,1961,1836252
Minnesota,1962,1862861
Minnesota,1963,1876073
Minnesota,1964,1898554
Minnesota,1965,1973439
Minnesota,1966,2036199
Minnesota,1967,2073939
Minnesota,1968,2078425
Minnesota,1969,2221474
Minnesota,1970,2309739
Minnesota,1971,2368059
Minnesota,1972,2336027
Minnesota,1973,2384410
Minnesota,1974,2402550
Minnesota,1975,2416869
Minnesota,1976,2571540
Minnesota,1977,2598123
Minnesota,1978,2234646
Minnesota,1979,2286218
Minnesota,1980,2335935
Minnesota,1981,2382897
Minnesota,1982,2397077
Minnesota,1983,2373908
Minnesota,1984,2397204
Minnesota,1985,2473073
Minnesota,1986,2455826
Minnesota,1987,2471180
Minnesota,1988,2478925
Minnesota,1989,2429251
Minnesota,1990,2528941
Minnesota,1991,2545936
Minnesota,1992,2625071
Minnesota,1993,2637458
Minnesota,1994,2705701
Minnesota,1995,2761121
Minnesota,1996,2830232
Minnesota,1997,2839291
Minnesota,1998,2868002
Minnesota,1999,2907027
Minnesota,2000,2940789
Minnesota,2001,2961236
Minnesota,2002,2997058
Minnesota,2003,3035553
Minnesota,2004,3083007
Minnesota,2005,3083757
Minnesota,2006,3086610
Minnesota,2007,3149109
Minnesota,2008,3190183
Minnesota,2009,3245441
Minnesota,2010,3281463
Minnesota,2011,3306139
Minnesota,2012,3321760
Minnesota,2013,3330725
Minnesota,2014,3357468
Minnesota,2015,3351430
Minnesota,2016,3377910
Minnesota,2017,3394815
Minnesota,2018,3391057
Minnesota,2019,3391057
Minnesota,2020,4090264
Minnesota,2021,4143272
Minnesota,2022,4117786
Minnesota,2023,4152710
Mississippi,1949,526346
Mississippi,1950,569349
Mississippi,1951,527592
Mississippi,1952,564735
Mississippi,1953,592483
Mississippi,1954,682218
Mississippi,1955,688824
Mississippi,1956,711822
Mississippi,1957,712479
Mississippi,1958,726376
Mississippi,1959,723255
Mississippi,1960,747442
Mississippi,1961,779513
Mississippi,1962,808930
Mississippi,1963,808199
Mississippi,1964,853041
Mississippi,1965,887201
Mississippi,1966,870689
Mississippi,1967,971762
Mississippi,1968,1009644
Mississippi,1969,1319836
Mississippi,1970,1236795
Mississippi,1971,1308579
Mississippi,1972,1382030
Mississippi,1973,1379109
Mississippi,1974,1378308
Mississippi,1975,1456039
Mississippi,1976,1505966
Mississippi,1977,1572875
Mississippi,1978,1588158
Mississippi,1979,1582281
Mississippi,1980,1587011
Mississippi,1981,1699197
Mississippi,1982,1734173
Mississippi,1983,1802952
Mississippi,1984,1786211
Mississippi,1985,1810847
Mississippi,1986,1744188
Mississippi,1987,1775864
Mississippi,1988,1813559
Mississippi,1989,1841840
Mississippi,1990,1884544
Mississippi,1991,1924696
Mississippi,1992,1628169
Mississippi,1993,1640301
Mississippi,1994,1671690
Mississippi,1995,1693159
Mississippi,1996,1700132
Mississippi,1997,1722513
Mississippi,1998,1758293
Mississippi,1999,1788189
Mississippi,2000,2007746
Mississippi,2001,1859487
Mississippi,2002,1861496
Mississippi,2003,1885974
Mississippi,2004,1896008
Mississippi,2005,1965464
Mississippi,2006,1929636
Mississippi,2007,1926969
Mississippi,2008,1935764
Mississippi,2009,1930603
Mississippi,2010,1928487
Mississippi,2011,1926603
Mississippi,2012,1957980
Mississippi,2013,1968907
Mississippi,2014,1977679
Mississippi,2015,1988396
Mississippi,2016,2018862
Mississippi,2017,2053924
Mississippi,2018,2058036
Mississippi,2019,2058036
Mississippi,2020,2017111
Mississippi,2021,2032775
Mississippi,2022,2047069
Mississippi,2023,2071414
Missouri,1949,1479341
Missouri,1950,1770607
Missouri,1951,1951557
Missouri,1952,1910818
Missouri,1953,1980223
Missouri,1954,1972489
Missouri,1955,2054641
Missouri,1956,2084771
Missouri,1957,1956743
Missouri,1958,1970530
Missouri,1959,1987456
Missouri,1960,2084782
Missouri,1961,2156307
Missouri,1962,2169485
Missouri,1963,2268392
Missouri,1964,2339742
Missouri,1965,2405521
Missouri,1966,2296416
Missouri,1967,2499627
Missouri,1968,2449681
Missouri,1969,2528167
Missouri,1970,2568633
Missouri,1971,2719453
Missouri,1972,2775589
Missouri,1973,2874676
Missouri,1974,2908549
Missouri,1975,2971765
Missouri,1976,3033752
Missouri,1977,3100117
Missouri,1978,3163722
Missouri,1979,3213455
Missouri,1980,3244744
Missouri,1981,3280679
Missouri,1982,3297491
Missouri,1983,3322500
Missouri,1984,3354496
Missouri,1985,3393353
Missouri,1986,3430062
Missouri,1987,3471458
Missouri,1988,3511676
Missouri,1989,3536684
Missouri,1990,3688081
Missouri,1991,3732342
Missouri,1992,3454414
Missouri,1993,3472140
Missouri,1994,3382046
Missouri,1995,3587086
Missouri,1996,3749348
Missouri,1997,3744320
Missouri,1998,3798096
Missouri,1999,3839764
Missouri,2000,3856271
Missouri,2001,3862300
Missouri,2002,3931448
Missouri,2003,3965610
Missouri,2004,4047652
Missouri,2005,4135394
Missouri,2006,4139632
Missouri,2007,4161957
Missouri,2008,4196682
Missouri,2009,4217910
Missouri,2010,4246249
Missouri,2011,4277037
Missouri,2012,4288488
Missouri,2013,4280438
Missouri,2014,4295224
Missouri,2015,4213302
Missouri,2016,4249579
Missouri,2017,4274784
Missouri,2018,4272960
Missouri,2019,4274389
Missouri,2020,4259672
Missouri,2021,4275228
Missouri,2022,4290391
Missouri,2023,4308768
Montana,1949,259322
Montana,1950,272196
Montana,1951,280333
Montana,1952,285178
Montana,1953,304785
Montana,1954,319065
Montana,1955,330662
Montana,1956,347202
Montana,1957,352564
Montana,1958,355180
Montana,1959,352617
Montana,1960,356097
Montana,1961,367551
Montana,1962,373192
Montana,1963,401350
Montana,1964,380949
Montana,1965,382123
Montana,1966,394473
Montana,1967,391198
Montana,1968,392308
Montana,1969,397784
Montana,1970,409356
Montana,1971,421468
Montana,1972,444276
Montana,1973,462047
Montana,1974,494640
Montana,1975,514426
Montana,1976,535003
Montana,1977,515643
Montana,1978,580000
Montana,1979,583243
Montana,1980,598982
Montana,1981,483866
Montana,1982,491879
Montana,1983,488603
Montana,1984,473535
Montana,1985,582085
Montana,1986,591222
Montana,1987,604051
Montana,1988,534457
Montana,1989,597638
Montana,1990,603614.38
Montana,1991,580313
Montana,1992,597037
Montana,1993,530744
Montana,1994,525780
Montana,1995,573749
Montana,1996,573754
Montana,1997,662418
Montana,1998,646512
Montana,1999,660151
Montana,2000,678899
Montana,2001,683351
Montana,2002,694743
Montana,2003,704509
Montana,2004,712880
Montana,2005,715512
Montana,2006,723976
Montana,2007,735753
Montana,2008,738982
Montana,2009,737964
Montana,2010,743611
Montana,2011,752483
Montana,2012,757812
Montana,2013,766716
Montana,2014,768703
Montana,2015,781427
Montana,2016,797145
Montana,2017,807259
Montana,2018,806204
Montana,2019,811851
Montana,2020,826754
Montana,2021,856696
Montana,2022,870882
Montana,2023,878798
Nebraska,1949,694684
Nebraska,1950,684780
Nebraska,1951,716281
Nebraska,1952,715627
Nebraska,1953,765461
Nebraska,1954,767474
Nebraska,1955,789552
Nebraska,1956,793173
Nebraska,1957,802253
Nebraska,1958,854885
Nebraska,1959,888018
Nebraska,1960,895933
Nebraska,1961,911061
Nebraska,1962,921147
Nebraska,1963,877385
Nebraska,1964,893869
Nebraska,1965,895791
Nebraska,1966,901656
Nebraska,1967,917797
Nebraska,1968,886464
Nebraska,1969,898232
Nebraska,1970,934247
Nebraska,1971,1033162
Nebraska,1972,1007000
Nebraska,1973,1086797
Nebraska,1974,1044347
Nebraska,1975,1063910
Nebraska,1976,1025990
Nebraska,1977,1025244
Nebraska,1978,1060748
Nebraska,1979,1076458
Nebraska,1980,1093255
Nebraska,1981,1087997
Nebraska,1982,1084396
Nebraska,1983,1094680
Nebraska,1984,1107545
Nebraska,1985,1089797
Nebraska,1986,1097585
Nebraska,1987,1069148
Nebraska,1988,1088104
Nebraska,1989,1064796
Nebraska,1990,1088677
Nebraska,1991,1068695
Nebraska,1992,1128888
Nebraska,1993,1141134
Nebraska,1994,1146447
Nebraska,1995,1151764
Nebraska,1996,1159831
Nebraska,1997,1178880
Nebraska,1998,1185794
Nebraska,1999,1202517
Nebraska,2000,1195219
Nebraska,2001,1267284
Nebraska,2002,1275206
Nebraska,2003,1311332
Nebraska,2004,1315819
Nebraska,2005,1320617
Nebraska,2006,1327916
Nebraska,2007,1330698
Nebraska,2008,1346406
Nebraska,2009,1349295
Nebraska,2010,1351516
Nebraska,2011,1356377
Nebraska,2012,1363596
Nebraska,2013,1374529
Nebraska,2014,1383693
Nebraska,2015,1394301
Nebraska,2016,1404479
Nebraska,2017,1404479
Nebraska,2018,1420317
Nebraska,2019,1430818
Nebraska,2020,1438821
Nebraska,2021,1438842
Nebraska,2022,1449818
Nebraska,2023,1455283
Nevada,1949,88176
Nevada,1950,90433
Nevada,1951,103439
Nevada,1952,107348
Nevada,1953,122674
Nevada,1954,134022
Nevada,1955,143393
Nevada,1956,162932
Nevada,1957,170920
Nevada,1958,150181
Nevada,1959,156320
Nevada,1960,166535
Nevada,1961,174568
Nevada,1962,178486
Nevada,1963,205885
Nevada,1964,227075
Nevada,1965,266550
Nevada,1966,287094
Nevada,1967,337856
Nevada,1968,327467
Nevada,1969,334833
Nevada,1970,336574
Nevada,1971,353978
Nevada,1972,369595
Nevada,1973,388842
Nevada,1974,398003
Nevada,1975,418704
Nevada,1976,449764
Nevada,1977,478818
Nevada,1978,527118
Nevada,1979,564789
Nevada,1980,625673
Nevada,1981,642155
Nevada,1982,654658
Nevada,1983,676074
Nevada,1984,681256
Nevada,1985,699077
Nevada,1986,707549
Nevada,1987,719058
Nevada,1988,749037
Nevada,1989,794067
Nevada,1990,846410
Nevada,1991,908684
Nevada,1992,957421
Nevada,1993,976214
Nevada,1994,1007191
Nevada,1995,1044609
Nevada,1996,1116795
Nevada,1997,1186097
Nevada,1998,1245905
Nevada,1999,1322014
Nevada,2000,1370643
Nevada,2001,1420714
Nevada,2002,1460903
Nevada,2003,1487899
Nevada,2004,1548097
Nevada,2005,1596353
Nevada,2006,1626021
Nevada,2007,1661588
Nevada,2008,1678550
Nevada,2009,1690431
Nevada,2010,1691318
Nevada,2011,1700829
Nevada,2012,1728060
Nevada,2013,1756095
Nevada,2014,1796443
Nevada,2015,1835511
Nevada,2016,1872376
Nevada,2017,1918305
Nevada,2018,1983453
Nevada,2019,2054421
Nevada,2020,2056394
Nevada,2021,2150707
Nevada,2022,2210689
Nevada,2023,2256437
New Hampshire,1949,206398
New Hampshire,1950,167980
New Hampshire,1951,224243
New Hampshire,1952,233835
New Hampshire,1953,245739
New Hampshire,1954,235457
New Hampshire,1955,281277
New Hampshire,1956,274992
New Hampshire,1957,292089
New Hampshire,1958,279786
New Hampshire,1959,297698
New Hampshire,1960,311780
New Hampshire,1961,333407
New Hampshire,1962,343814
New Hampshire,1963,361547
New Hampshire,1964,369671
New Hampshire,1965,386859
New Hampshire,1966,379075
New Hampshire,1967,371412
New Hampshire,1968,390310
New Hampshire,1969,401968
New Hampshire,1970,426739
New Hampshire,1971,441324
New Hampshire,1972,461124
New Hampshire,1973,505322
New Hampshire,1974,525017
New Hampshire,1975,534094
New Hampshire,1976,561197
New Hampshire,1977,584143
New Hampshire,1978,613402
New Hampshire,1979,637251
New Hampshire,1980,652411
New Hampshire,1981,665085
New Hampshire,1982,677478
New Hampshire,1983,697012
New Hampshire,1984,715708
New Hampshire,1985,737852
New Hampshire,1986,762879
New Hampshire,1987,785591
New Hampshire,1988,798336
New Hampshire,1989,809389
New Hampshire,1990,843470
New Hampshire,1991,847564
New Hampshire,1992,850136
New Hampshire,1993,868560
New Hampshire,1994,877471
New Hampshire,1995,901104
New Hampshire,1996,915451
New Hampshire,1997,883064
New Hampshire,1998,907479
New Hampshire,1999,918563
New Hampshire,2000,929630
New Hampshire,2001,941829
New Hampshire,2002,954910
New Hampshire,2003,967770
New Hampshire,2004,985775
New Hampshire,2005,998214
New Hampshire,2006,1027582
New Hampshire,2007,1026546
New Hampshire,2008,1031158
New Hampshire,2009,1034329
New Hampshire,2010,1037083
New Hampshire,2011,1056889
New Hampshire,2012,1064604
New Hampshire,2013,1061433
New Hampshire,2014,1071963
New Hampshire,2015,1074766
New Hampshire,2016,1096234
New Hampshire,2017,1103624
New Hampshire,2018,1161665
New Hampshire,2019,1195211
New Hampshire,2020,1060381
New Hampshire,2021,1174826
New Hampshire,2022,1174826
New Hampshire,2023,1090706
New Jersey,1949,1788578
New Jersey,1950,1890620
New Jersey,1951,1985213
New Jersey,1952,2082495
New Jersey,1953,2190164
New Jersey,1954,2278551
New Jersey,1955,2385533
New Jersey,1956,2461004
New Jersey,1957,2419976
New Jersey,1958,2461654
New Jersey,1959,2573607
New Jersey,1960,2756932
New Jersey,1961,2968641
New Jersey,1962,3044164
New Jersey,1963,3168858
New Jersey,1964,3290412
New Jersey,1965,3397601
New Jersey,1966,3528532
New Jersey,1967,3596637
New Jersey,1968,3732742
New Jersey,1969,3868492
New Jersey,1970,4028832
New Jersey,1971,4073926
New Jersey,1972,4124513
New Jersey,1973,4342059
New Jersey,1974,4216959
New Jersey,1975,4323242
New Jersey,1976,4215807
New Jersey,1977,4294084
New Jersey,1978,4496464
New Jersey,1979,4374505
New Jersey,1980,4927909
New Jersey,1981,5154921
New Jersey,1982,5337632
New Jersey,1983,5458667
New Jersey,1984,5680087
New Jersey,1985,5793689
New Jersey,1986,5904000
New Jersey,1987,6022080
New Jersey,1988,5451556
New Jersey,1989,5615102
New Jersey,1990,5584727
New Jersey,1991,5659994
New Jersey,1992,5285107
New Jersey,1993,5458841
New Jersey,1994,5433383
New Jersey,1995,5403671
New Jersey,1996,5485980
New Jersey,1997,5576064
New Jersey,1998,5563492
New Jersey,1999,5550772
New Jersey,2000,5654973
New Jersey,2001,5715089
New Jersey,2002,5711794
New Jersey,2003,5728975
New Jersey,2004,5799532
New Jersey,2005,5870720
New Jersey,2006,5834227
New Jersey,2007,5782155
New Jersey,2008,5782155
New Jersey,2009,5923538
New Jersey,2010,5952583
New Jersey,2011,5977458
New Jersey,2012,6039623
New Jersey,2013,6081386
New Jersey,2014,6152634
New Jersey,2015,6179318
New Jersey,2016,6238436
New Jersey,2017,6301363
New Jersey,2018,6342876
New Jersey,2019,6377413
New Jersey,2020,6230912
New Jersey,2021,6461950
New Jersey,2022,6633936
New Jersey,2023,6854574
New Mexico,1949,258397
New Mexico,1950,290452
New Mexico,1951,322218
New Mexico,1952,344460
New Mexico,1953,372434
New Mexico,1954,371066
New Mexico,1955,397291
New Mexico,1956,410376
New Mexico,1957,444928
New Mexico,1958,462606
New Mexico,1959,498735
New Mexico,1960,497784
New Mexico,1961,482876
New Mexico,1962,503591
New Mexico,1963,529791
New Mexico,1964,536575
New Mexico,1965,511599
New Mexico,1966,534565
New Mexico,1967,548684
New Mexico,1968,539613
New Mexico,1969,553201
New Mexico,1970,576568
New Mexico,1971,600122
New Mexico,1972,637291
New Mexico,1973,665839
New Mexico,1974,701660
New Mexico,1975,735172
New Mexico,1976,753585
New Mexico,1977,774436
New Mexico,1978,803352
New Mexico,1979,843401
New Mexico,1980,854562
New Mexico,1981,914330
New Mexico,1982,929770
New Mexico,1983,933680
New Mexico,1984,949393
New Mexico,1985,977880
New Mexico,1986,1024085
New Mexico,1987,1037634
New Mexico,1988,1047261
New Mexico,1989,1062806
New Mexico,1990,1073816
New Mexico,1991,1081437
New Mexico,1992,1126193
New Mexico,1993,1148230
New Mexico,1994,1167462
New Mexico,1995,1173442
New Mexico,1996,1179256
New Mexico,1997,1194284
New Mexico,1998,1203869
New Mexico,1999,1221927.035
New Mexico,2000,1239043
New Mexico,2001,1231701
New Mexico,2002,1243894
New Mexico,2003,1236488
New Mexico,2004,1271365
New Mexico,2005,1304721
New Mexico,2006,1338246
New Mexico,2007,1365249
New Mexico,2008,1365249
New Mexico,2009,1377983
New Mexico,2010,1405926
New Mexico,2011,1418641
New Mexico,2012,1430475
New Mexico,2013,1456500
New Mexico,2014,1444857
New Mexico,2015,1467782
New Mexico,2016,1521785
New Mexico,2017,1473262
New Mexico,2018,1458433
New Mexico,2019,1449711
New Mexico,2020,1473219
New Mexico,2021,1477213
New Mexico,2022,1508575
New Mexico,2023,1540741
New York,1949,4976615
New York,1950,5289991
New York,1951,5571739
New York,1952,5633721
New York,1953,5859431
New York,1954,6061161
New York,1955,6143862
New York,1956,6399684
New York,1957,6127811
New York,1958,6688223
New York,1959,6885480
New York,1960,7062287
New York,1961,7089733
New York,1962,7266977
New York,1963,7664391
New York,1964,7436470
New York,1965,7402233
New York,1966,7609355
New York,1967,7903004
New York,1968,7983361
New York,1969,7991023
New York,1970,8055785
New York,1971,8277914
New York,1972,8450000
New York,1973,8545595
New York,1974,8730473
New York,1975,8832000
New York,1976,8935093
New York,1977,8970091
New York,1978,9125934
New York,1979,9186446
New York,1980,9240059
New York,1981,9248668
New York,1982,8992488
New York,1983,9605780
New York,1984,9715670
New York,1985,9841209
New York,1986,9947494
New York,1987,10029037
New York,1988,10143464
New York,1989,10177995
New York,1990,10254229
New York,1991,10266741
New York,1992,10359792
New York,1993,10326635
New York,1994,10376615
New York,1995,10473731
New York,1996,10483665
New York,1997,10529855
New York,1998,10554098
New York,1999,10626625
New York,2000,10871344
New York,2001,11014805
New York,2002,10913850
New York,2003,11356988
New York,2004,11246675
New York,2005,11071911
New York,2006,11146367
New York,2007,11369280
New York,2008,11284545
New York,2009,11329488
New York,2010,11285830
New York,2011,11210783
New York,2012,11248617
New York,2013,11210783
New York,2014,11318198
New York,2015,11689839
New York,2016,11947568
New York,2017,12185313
New York,2018,12194360
New York,2019,12194360
New York,2020,12194360
New York,2021,11879057
New York,2022,12084675
New York,2023,12314191
North Carolina,1949,1243700
North Carolina,1950,1334222
North Carolina,1951,1449316
North Carolina,1952,1504822
North Carolina,1953,1596545
North Carolina,1954,1665280
North Carolina,1955,1720199
North Carolina,1956,1794345
North Carolina,1957,1844605
North Carolina,1958,1885068
North Carolina,1959,1941163
North Carolina,1960,2000284
North Carolina,1961,2062764
North Carolina,1962,2116205
North Carolina,1963,2283576
North Carolina,1964,2263905
North Carolina,1965,2339864
North Carolina,1966,2430184
North Carolina,1967,2511867
North Carolina,1968,2547927
North Carolina,1969,2635267
North Carolina,1970,2742707
North Carolina,1971,2834862
North Carolina,1972,2918709
North Carolina,1973,3060227
North Carolina,1974,3161146
North Carolina,1975,3294096
North Carolina,1976,3403213
North Carolina,1977,3490420
North Carolina,1978,3599341
North Carolina,1979,3692110
North Carolina,1980,3777067
North Carolina,1981,3830684
North Carolina,1982,3903103
North Carolina,1983,3966351
North Carolina,1984,4049269
North Carolina,1985,4122866
North Carolina,1986,4244176
North Carolina,1987,4318723
North Carolina,1988,4421934
North Carolina,1989,4484107
North Carolina,1990,4550644
North Carolina,1991,4547443
North Carolina,1992,4655434
North Carolina,1993,4724661
North Carolina,1994,4840104
North Carolina,1995,5028421
North Carolina,1996,5187288
North Carolina,1997,5399301
North Carolina,1998,5534284
North Carolina,1999,5491228
North Carolina,2000,5690494
North Carolina,2001,5884651
North Carolina,2002,5943288
North Carolina,2003,6014782
North Carolina,2004,6122137
North Carolina,2005,6227817
North Carolina,2006,6315667
North Carolina,2007,6383542
North Carolina,2008,6457000
North Carolina,2009,6504269
North Carolina,2010,6536601
North Carolina,2011,6569341
North Carolina,2012,6677693
North Carolina,2013,6822902
North Carolina,2014,7025333
North Carolina,2015,7160621
North Carolina,2016,7267042
North Carolina,2017,7389467
North Carolina,2018,7509231
North Carolina,2019,7620001
North Carolina,2020,7637400
North Carolina,2021,7765109
North Carolina,2022,7980262
North Carolina,2023,8078941
North Dakota,1949,298541
North Dakota,1950,290840
North Dakota,1951,307653
North Dakota,1952,315542
North Dakota,1953,325294
North Dakota,1954,311791
North Dakota,1955,318134
North Dakota,1956,326618
North Dakota,1957,346749
North Dakota,1958,357665
North Dakota,1959,358439
North Dakota,1960,353259
North Dakota,1961,359764
North Dakota,1962,362797
North Dakota,1963,368883
North Dakota,1964,380812
North Dakota,1965,363106
North Dakota,1966,359559
North Dakota,1967,333432
North Dakota,1968,332731
North Dakota,1969,328416
North Dakota,1970,330905
North Dakota,1971,341056
North Dakota,1972,347310
North Dakota,1973,353574
North Dakota,1974,361720
North Dakota,1975,372554
North Dakota,1976,385661
North Dakota,1977,394940
North Dakota,1978,403050
North Dakota,1979,413823
North Dakota,1980,418758
North Dakota,1981,424952
North Dakota,1982,428006
North Dakota,1983,431740
North Dakota,1984,434173
North Dakota,1985,443002
North Dakota,1986,438282
North Dakota,1987,434046
North Dakota,1988,431366
North Dakota,1989,425202
North Dakota,1990,424898
North Dakota,1991,425935
North Dakota,1992,433117
North Dakota,1993,437942
North Dakota,1994,439330
North Dakota,1995,448781
North Dakota,1996,449225
North Dakota,1997,452163
North Dakota,1998,454933
North Dakota,1999,457890
North Dakota,2000,458944
North Dakota,2001,455921
North Dakota,2002,461090
North Dakota,2003,459791
North Dakota,2004,461780
North Dakota,2005,466701
North Dakota,2006,468711
North Dakota,2007,470731
North Dakota,2008,473019
North Dakota,2009,476561
North Dakota,2010,483097
North Dakota,2011,490146
North Dakota,2012,502807
North Dakota,2013,513838
North Dakota,2014,527541
North Dakota,2015,545027
North Dakota,2016,555935
North Dakota,2017,561667
North Dakota,2018,561333
North Dakota,2019,556064
North Dakota,2020,539006
North Dakota,2021,549721
North Dakota,2022,563161
North Dakota,2023,580918
Ohio,1949,3131331
Ohio,1950,3377155
Ohio,1951,3553221
Ohio,1952,3801967
Ohio,1953,3888528
Ohio,1954,4085450
Ohio,1955,4218899
Ohio,1956,4385697
Ohio,1957,4404371
Ohio,1958,4536679
Ohio,1959,4606361
Ohio,1960,4694374
Ohio,1961,4918589
Ohio,1962,5065703
Ohio,1963,5099961
Ohio,1964,5295300
Ohio,1965,5499500
Ohio,1966,5510638
Ohio,1967,5726270
Ohio,1968,5860173
Ohio,1969,5828160
Ohio,1970,6104922
Ohio,1971,5947672
Ohio,1972,6140623
Ohio,1973,6294028
Ohio,1974,6781081
Ohio,1975,7545084
Ohio,1976,8107181
Ohio,1977,8505035
Ohio,1978,8178585
Ohio,1979,7515194
Ohio,1980,7031428
Ohio,1981,6336612
Ohio,1982,7668931
Ohio,1983,7397289
Ohio,1984,7389156
Ohio,1985,7336386
Ohio,1986,7386538
Ohio,1987,7402416
Ohio,1988,7378737
Ohio,1989,7369821
Ohio,1990,7427409
Ohio,1991,7470352
Ohio,1992,9168860
Ohio,1993,7634742
Ohio,1994,7142173
Ohio,1995,7772757
Ohio,1996,7852548
Ohio,1997,8185824
Ohio,1998,7941479
Ohio,1999,8045787
Ohio,2000,8205524
Ohio,2001,7736115
Ohio,2002,7707870
Ohio,2003,7656362
Ohio,2004,7675007
Ohio,2005,7707842
Ohio,2006,7739410
Ohio,2007,7975774
Ohio,2008,7962266
Ohio,2009,7937498
Ohio,2010,7963372
Ohio,2011,7982149
Ohio,2012,8006183
Ohio,2013,8030421
Ohio,2014,7915907
Ohio,2015,7923439
Ohio,2016,7974951
Ohio,2017,8011705
Ohio,2018,8032665
Ohio,2019,8032792
Ohio,2020,8100273
Ohio,2021,8283546
Ohio,2022,8405794
Ohio,2023,8436370
Oklahoma,1949,938482
Oklahoma,1950,929850
Oklahoma,1951,1005932
Oklahoma,1952,945131
Oklahoma,1953,975991
Oklahoma,1954,1048925
Oklahoma,1955,1092123
Oklahoma,1956,1099017
Oklahoma,1957,1075262
Oklahoma,1958,1134611
Oklahoma,1959,1200268
Oklahoma,1960,1223151
Oklahoma,1961,1258393
Oklahoma,1962,1290973
Oklahoma,1963,1315000
Oklahoma,1964,1365972
Oklahoma,1965,1389738
Oklahoma,1966,1420966
Oklahoma,1967,1465389
Oklahoma,1968,1461398
Oklahoma,1969,1492489
Oklahoma,1970,1621202
Oklahoma,1971,1656994
Oklahoma,1972,1630647
Oklahoma,1973,1673664
Oklahoma,1974,1711805
Oklahoma,1975,1720912
Oklahoma,1976,1785549
Oklahoma,1977,1874891
Oklahoma,1978,1874344
Oklahoma,1979,1899428
Oklahoma,1980,1965149
Oklahoma,1981,1952975
Oklahoma,1982,2039398
Oklahoma,1983,2174350
Oklahoma,1984,2205606
Oklahoma,1985,2243223
Oklahoma,1986,2137925
Oklahoma,1987,2163148
Oklahoma,1988,2219296
Oklahoma,1989,2292867
Oklahoma,1990,2277540
Oklahoma,1991,2283068
Oklahoma,1992,2286983
Oklahoma,1993,2336410
Oklahoma,1994,2343555
Oklahoma,1995,2155558
Oklahoma,1996,2395825
Oklahoma,1997,2278757
Oklahoma,1998,2305361
Oklahoma,1999,2312621
Oklahoma,2000,2295036
Oklahoma,2001,2172394
Oklahoma,2002,2324442
Oklahoma,2003,2348449
Oklahoma,2004,2369621
Oklahoma,2005,2234114
Oklahoma,2006,2264151
Oklahoma,2007,2283178
Oklahoma,2008,2301848
Oklahoma,2009,2320985
Oklahoma,2010,2348718
Oklahoma,2011,2370643
Oklahoma,2012,2400358
Oklahoma,2013,2418307
Oklahoma,2014,2451972
Oklahoma,2015,2621733
Oklahoma,2016,2498178
Oklahoma,2017,2505989
Oklahoma,2018,2504253
Oklahoma,2019,2522670
Oklahoma,2020,2550560
Oklahoma,2021,2597441
Oklahoma,2022,2556609
Oklahoma,2023,2597517
Oregon,1949,770555
Oregon,1950,701855
Oregon,1951,760041
Oregon,1952,821878
Oregon,1953,815494
Oregon,1954,824607
Oregon,1955,850617
Oregon,1956,874396
Oregon,1957,887275
Oregon,1958,900991
Oregon,1959,927546
Oregon,1960,948806
Oregon,1961,975816
Oregon,1962,994289
Oregon,1963,1009000
Oregon,1964,1080704
Oregon,1965,1113504
Oregon,1966,1087290
Oregon,1967,1100002
Oregon,1968,1157092
Oregon,1969,1175956
Oregon,1970,1304443
Oregon,1971,1359883
Oregon,1972,1512657
Oregon,1973,1496798
Oregon,1974,1533153
Oregon,1975,1564424
Oregon,1976,1601454
Oregon,1977,1754349
Oregon,1978,1827036
Oregon,1979,1849073
Oregon,1980,1990689
Oregon,1981,1983597
Oregon,1982,1893609
Oregon,1983,1900674
Oregon,1984,2078899
Oregon,1985,1959765
Oregon,1986,1943598
Oregon,1987,2027554
Oregon,1988,2170124
Oregon,1989,2189654
Oregon,1990,2211550.54
Oregon,1991,2373660
Oregon,1992,2425710
Oregon,1993,2373138
Oregon,1994,2542681
Oregon,1995,2541873
Oregon,1996,2612659
Oregon,1997,2276532.9
Oregon,1998,2417002
Oregon,1999,2461639
Oregon,2000,2495059
Oregon,2001,2534464
Oregon,2002,2563529
Oregon,2003,2589764
Oregon,2004,2625856
Oregon,2005,2692948
Oregon,2006,2767291
Oregon,2007,2827188
Oregon,2008,2856085
Oregon,2009,2841972
Oregon,2010,2769734
Oregon,2011,2773956
Oregon,2012,2769757
Oregon,2013,2773373
Oregon,2014,2785446
Oregon,2015,2808548
Oregon,2016,2855746
Oregon,2017,2910592
Oregon,2018,2930702
Oregon,2019,2930701
Oregon,2020,2944828
Oregon,2021,3029912
Oregon,2022,3104916
Oregon,2023,3146632
Pennsylvania,1949,3509556
Pennsylvania,1950,4036983
Pennsylvania,1951,4021630
Pennsylvania,1952,4170937
Pennsylvania,1953,4350300
Pennsylvania,1954,4468095
Pennsylvania,1955,4640030
Pennsylvania,1956,4791945
Pennsylvania,1957,5107356
Pennsylvania,1958,5250631
Pennsylvania,1959,5416198
Pennsylvania,1960,5770396
Pennsylvania,1961,5221318
Pennsylvania,1962,5815943
Pennsylvania,1963,5851840
Pennsylvania,1964,5659000
Pennsylvania,1965,6102642
Pennsylvania,1966,6301133
Pennsylvania,1967,5913029
Pennsylvania,1968,6076102
Pennsylvania,1969,6217156
Pennsylvania,1970,6213058
Pennsylvania,1971,6312484
Pennsylvania,1972,6532145
Pennsylvania,1973,6573742
Pennsylvania,1974,6659977
Pennsylvania,1975,6861134
Pennsylvania,1976,6938416
Pennsylvania,1977,7025750
Pennsylvania,1978,7070662
Pennsylvania,1979,7337575
Pennsylvania,1980,7056468
Pennsylvania,1981,7251529
Pennsylvania,1982,7351333
Pennsylvania,1983,7442842
Pennsylvania,1984,7469884
Pennsylvania,1985,7555006
Pennsylvania,1986,7691269
Pennsylvania,1987,7684136
Pennsylvania,1988,7731880
Pennsylvania,1989,7796615
Pennsylvania,1990,7899052
Pennsylvania,1991,7950559
Pennsylvania,1992,8018519
Pennsylvania,1993,8054636
Pennsylvania,1994,8115074
Pennsylvania,1995,8154055
Pennsylvania,1996,8221143
Pennsylvania,1997,8317715
Pennsylvania,1998,8404689
Pennsylvania,1999,8478276
Pennsylvania,2000,8229490
Pennsylvania,2001,8226202
Pennsylvania,2002,8323741
Pennsylvania,2003,8369575
Pennsylvania,2004,8430142
Pennsylvania,2005,8460530
Pennsylvania,2006,8526204
Pennsylvania,2007,8600691
Pennsylvania,2008,8646273
Pennsylvania,2009,8687206
Pennsylvania,2010,8737162
Pennsylvania,2011,8796774
Pennsylvania,2012,8842587
Pennsylvania,2013,8896590
Pennsylvania,2014,8915641
Pennsylvania,2015,8942967
Pennsylvania,2016,8996815
Pennsylvania,2017,8964855
Pennsylvania,2018,8991370
Pennsylvania,2019,8987676
Pennsylvania,2020,8930677
Pennsylvania,2021,9098570
Pennsylvania,2022,9124262
Pennsylvania,2023,9134289
Rhode Island,1949,295476
Rhode Island,1950,314794
Rhode Island,1951,323341
Rhode Island,1952,321477
Rhode Island,1953,347351
Rhode Island,1954,356272
Rhode Island,1955,380421
Rhode Island,1956,388669
Rhode Island,1957,393579
Rhode Island,1958,398601
Rhode Island,1959,409597
Rhode Island,1960,415792
Rhode Island,1961,421373
Rhode Island,1962,430561
Rhode Island,1963,440726
Rhode Island,1964,456600
Rhode Island,1965,447166
Rhode Island,1966,433661
Rhode Island,1967,468984
Rhode Island,1968,480191
Rhode Island,1969,496129
Rhode Island,1970,504000
Rhode Island,1971,526950
Rhode Island,1972,537849
Rhode Island,1973,558127
Rhode Island,1974,555658
Rhode Island,1975,528512
Rhode Island,1976,595565
Rhode Island,1977,600213
Rhode Island,1978,580544
Rhode Island,1979,583068
Rhode Island,1980,586637
Rhode Island,1981,593141
Rhode Island,1982,599687
Rhode Island,1983,603176
Rhode Island,1984,610730
Rhode Island,1985,619132
Rhode Island,1986,627430
Rhode Island,1987,647887
Rhode Island,1988,666248
Rhode Island,1989,675701
Rhode Island,1990,670651
Rhode Island,1991,676228
Rhode Island,1992,685201
Rhode Island,1993,674901
Rhode Island,1994,688399.02
Rhode Island,1995,670360
Rhode Island,1996,668940
Rhode Island,1997,680107
Rhode Island,1998,681832
Rhode Island,1999,688650.32
Rhode Island,2000,654035
Rhode Island,2001,660435
Rhode Island,2002,720550
Rhode Island,2003,731323
Rhode Island,2004,741841
Rhode Island,2005,746465
Rhode Island,2006,741921
Rhode Island,2007,743793
Rhode Island,2008,748351
Rhode Island,2009,746032
Rhode Island,2010,747875
Rhode Island,2011,749706
Rhode Island,2012,749706
Rhode Island,2013,749232
Rhode Island,2014,748337
Rhode Island,2015,745470
Rhode Island,2016,753143
Rhode Island,2017,753202
Rhode Island,2018,756966
Rhode Island,2019,761046
Rhode Island,2020,731715
Rhode Island,2021,754507
Rhode Island,2022,760414
Rhode Island,2023,762276
South Carolina,1949,868587
South Carolina,1950,828044
South Carolina,1951,829162
South Carolina,1952,835022
South Carolina,1953,1000864
South Carolina,1954,1084251
South Carolina,1955,1089610
South Carolina,1956,1119239
South Carolina,1957,1333911
South Carolina,1958,1001334
South Carolina,1959,1052711
South Carolina,1960,1097016
South Carolina,1961,965452
South Carolina,1962,1057014
South Carolina,1963,1099370
South Carolina,1964,1216666
South Carolina,1965,1087910
South Carolina,1966,1187897
South Carolina,1967,1243991
South Carolina,1968,1326451
South Carolina,1969,1376828
South Carolina,1970,1409352
South Carolina,1971,1460213
South Carolina,1972,1563788
South Carolina,1973,1415728
South Carolina,1974,1462971
South Carolina,1975,1566027
South Carolina,1976,1584583
South Carolina,1977,1741432
South Carolina,1978,1814389
South Carolina,1979,1891699
South Carolina,1980,1952830
South Carolina,1981,1948520
South Carolina,1982,1959351
South Carolina,1983,2007683
South Carolina,1984,2100448
South Carolina,1985,2131895
South Carolina,1986,2168629
South Carolina,1987,2195348
South Carolina,1988,2305533
South Carolina,1989,2338660
South Carolina,1990,2372825
South Carolina,1991,2401642
South Carolina,1992,2399902
South Carolina,1993,2430511
South Carolina,1994,2492019
South Carolina,1995,2542139
South Carolina,1996,2574575
South Carolina,1997,2613102
South Carolina,1998,2679131
South Carolina,1999,2810221
South Carolina,2000,2842553
South Carolina,2001,2849885
South Carolina,2002,2918957
South Carolina,2003,2918957
South Carolina,2004,2972369
South Carolina,2005,2987593
South Carolina,2006,3067747
South Carolina,2007,3126890
South Carolina,2008,3185408
South Carolina,2009,3268498
South Carolina,2010,3337247
South Carolina,2011,3408318
South Carolina,2012,3455931
South Carolina,2013,3536404
South Carolina,2014,3617535
South Carolina,2015,3683824
South Carolina,2016,3746681
South Carolina,2017,3810962
South Carolina,2018,3846069
South Carolina,2019,3877968
South Carolina,2020,3905911
South Carolina,2021,3990909
South Carolina,2022,4091650
South Carolina,2023,4098108
South Dakota,1949,312389
South Dakota,1950,332420
South Dakota,1951,341925
South Dakota,1952,340438
South Dakota,1953,360557
South Dakota,1954,384956
South Dakota,1955,415130
South Dakota,1956,415200
South Dakota,1957,405695
South Dakota,1958,414888
South Dakota,1959,389528
South Dakota,1960,425112
South Dakota,1961,460269
South Dakota,1962,377055
South Dakota,1963,391961
South Dakota,1964,401786
South Dakota,1965,396103
South Dakota,1966,400487
South Dakota,1967,404099
South Dakota,1968,397733
South Dakota,1969,401308
South Dakota,1970,410685
South Dakota,1971,418990
South Dakota,1972,423880
South Dakota,1973,417071
South Dakota,1974,411283
South Dakota,1975,417698
South Dakota,1976,473492
South Dakota,1977,470531
South Dakota,1978,470020
South Dakota,1979,474844
South Dakota,1980,480778
South Dakota,1981,476272
South Dakota,1982,486421
South Dakota,1983,482439
South Dakota,1984,486589
South Dakota,1985,483890
South Dakota,1986,484940
South Dakota,1987,485367
South Dakota,1988,482575
South Dakota,1989,492466
South Dakota,1990,492378
South Dakota,1991,500564
South Dakota,1992,498106
South Dakota,1993,506558
South Dakota,1994,508076
South Dakota,1995,515869
South Dakota,1996,518592
South Dakota,1997,524182
South Dakota,1998,535339
South Dakota,1999,543573
South Dakota,2000,543817
South Dakota,2001,544997
South Dakota,2002,546386
South Dakota,2003,554553
South Dakota,2004,563298
South Dakota,2005,566255
South Dakota,2006,582517
South Dakota,2007,588546
South Dakota,2008,597326
South Dakota,2009,602165
South Dakota,2010,602275
South Dakota,2011,603258
South Dakota,2012,606779
South Dakota,2013,603643
South Dakota,2014,609908
South Dakota,2015,655707
South Dakota,2016,622663
South Dakota,2017,628506
South Dakota,2018,638428
South Dakota,2019,638428
South Dakota,2020,658091
South Dakota,2021,671149
South Dakota,2022,679711
South Dakota,2023,688477
Tennessee,1949,1031665
Tennessee,1950,1059275
Tennessee,1951,1220824
Tennessee,1952,1225034
Tennessee,1953,1319532
Tennessee,1954,1317805
Tennessee,1955,1425273
Tennessee,1956,1423673
Tennessee,1957,1504651
Tennessee,1958,1501255
Tennessee,1959,1606312
Tennessee,1960,1604237
Tennessee,1961,1692383
Tennessee,1962,1698365
Tennessee,1963,1775960
Tennessee,1964,1786487
Tennessee,1965,1861572
Tennessee,1966,1905524
Tennessee,1967,2060000
Tennessee,1968,2010000
Tennessee,1969,2012730
Tennessee,1970,2078315
Tennessee,1971,2087502
Tennessee,1972,2159499
Tennessee,1973,2244706
Tennessee,1974,2371396
Tennessee,1975,2430363
Tennessee,1976,2532450
Tennessee,1977,2597025
Tennessee,1978,2694460
Tennessee,1979,2753129
Tennessee,1980,2809655
Tennessee,1981,2838014
Tennessee,1982,2902326
Tennessee,1983,2933197
Tennessee,1984,2977842
Tennessee,1985,3025458
Tennessee,1986,3106584
Tennessee,1987,3156826
Tennessee,1988,3198978
Tennessee,1989,3432019
Tennessee,1990,3334425
Tennessee,1991,3393127
Tennessee,1992,3486025
Tennessee,1993,3542531
Tennessee,1994,3825671
Tennessee,1995,3739043
Tennessee,1996,3805600
Tennessee,1997,3929026
Tennessee,1998,4072836
Tennessee,1999,4175766
Tennessee,2000,4251228
Tennessee,2001,4188317
Tennessee,2002,4205933
Tennessee,2003,4204166
Tennessee,2004,4247884
Tennessee,2005,4351868
Tennessee,2006,4387883
Tennessee,2007,4425881
Tennessee,2008,4450644
Tennessee,2009,4476539
Tennessee,2010,4418210
Tennessee,2011,4543759
Tennessee,2012,4573871
Tennessee,2013,4605100
Tennessee,2014,4613166
Tennessee,2015,4621401
Tennessee,2016,5197904
Tennessee,2017,5377653
Tennessee,2018,5422429
Tennessee,2019,5422429
Tennessee,2020,4877268
Tennessee,2021,5009697
Tennessee,2022,5061288
Tennessee,2023,5122784
Texas,1949,2687349
Texas,1950,2796862
Texas,1951,3117218
Texas,1952,3357522
Texas,1953,3556395
Texas,1954,3733127
Texas,1955,3874834
Texas,1956,4009296
Texas,1957,4110866
Texas,1958,4168370
Texas,1959,4281850
Texas,1960,4352168
Texas,1961,4690587
Texas,1962,4880958
Texas,1963,5100783
Texas,1964,5151569
Texas,1965,5413887
Texas,1966,5552718
Texas,1967,5600749
Texas,1968,5627240
Texas,1969,5860093
Texas,1970,6380057
Texas,1971,6595332
Texas,1972,6789721
Texas,1973,6973335
Texas,1974,7287730
Texas,1975,7509497
Texas,1976,7869731
Texas,1977,8192443
Texas,1978,8568930
Texas,1979,8945853
Texas,1980,9287826
Texas,1981,9673885
Texas,1982,10154386
Texas,1983,11406433
Texas,1984,10855549
Texas,1985,10809078
Texas,1986,11129193
Texas,1987,11153472
Texas,1988,11080702
Texas,1989,11103511
Texas,1990,11136694
Texas,1991,11293184
Texas,1992,11437571
Texas,1993,11876268
Texas,1994,12109960
Texas,1995,12369243
Texas,1996,12568265
Texas,1997,12833603
Texas,1998,13322911
Texas,1999,13359305
Texas,2000,13462023
Texas,2001,13045727
Texas,2002,13184629
Texas,2003,13498071
Texas,2004,14543528
Texas,2005,14659390
Texas,2006,14906701
Texas,2007,15184123
Texas,2008,15374063
Texas,2009,15374063
Texas,2010,15157650
Texas,2011,15122518
Texas,2012,15252192
Texas,2013,15447273
Texas,2014,15648733
Texas,2015,15879876
Texas,2016,15879876
Texas,2017,17099340
Texas,2018,17370383
Texas,2019,17822760
Texas,2020,17667039
Texas,2021,18297900
Texas,2022,18738980
Texas,2023,19159360
Utah,1949,284571
Utah,1950,318526
Utah,1951,338472
Utah,1952,343904
Utah,1953,359395
Utah,1954,373888
Utah,1955,396291
Utah,1956,416291
Utah,1957,413099
Utah,1958,427591
Utah,1959,458723
Utah,1960,482331
Utah,1961,528699
Utah,1962,543731
Utah,1963,547952
Utah,1964,566713
Utah,1965,562202
Utah,1966,559776
Utah,1967,557933
Utah,1968,513371
Utah,1969,526774
Utah,1970,615014
Utah,1971,572296
Utah,1972,649770
Utah,1973,664546
Utah,1974,721042
Utah,1975,729193
Utah,1976,759152
Utah,1977,771066
Utah,1978,773082
Utah,1979,795293
Utah,1980,844717
Utah,1981,888984
Utah,1982,913773
Utah,1983,926434
Utah,1984,928932
Utah,1985,962881
Utah,1986,970824
Utah,1987,1005942
Utah,1988,977636
Utah,1989,1027363
Utah,1990,1046106
Utah,1991,1067030
Utah,1992,1143000
Utah,1993,1189593
Utah,1994,1245205
Utah,1995,1255460
Utah,1996,1319263
Utah,1997,1357064
Utah,1998,1393242
Utah,1999,1439534
Utah,2000,1463366
Utah,2001,1495887
Utah,2002,1529934
Utah,2003,1548456
Utah,2004,1582599
Utah,2005,1599514
Utah,2006,1619085
Utah,2007,1651790
Utah,2008,1687306
Utah,2009,1720015
Utah,2010,1659835.25
Utah,2011,1747487
Utah,2012,1788822
Utah,2013,1661219
Utah,2014,1425703
Utah,2015,1913564
Utah,2016,1960366
Utah,2017,1995377
Utah,2018,2030644
Utah,2019,2121099
Utah,2020,2149766
Utah,2021,2207208
Utah,2022,2252656
Utah,2023,2299291
Vermont,1949,140063
Vermont,1950,145000
Vermont,1951,145340
Vermont,1952,151642
Vermont,1953,154884
Vermont,1954,156789
Vermont,1955,160237
Vermont,1956,165197
Vermont,1957,167981
Vermont,1958,171424
Vermont,1959,176861
Vermont,1960,179196
Vermont,1961,183820
Vermont,1962,188439
Vermont,1963,193807
Vermont,1964,198511
Vermont,1965,204275
Vermont,1966,213322
Vermont,1967,219299
Vermont,1968,224127
Vermont,1969,246265
Vermont,1970,253012
Vermont,1971,268125
Vermont,1972,280408
Vermont,1973,292873
Vermont,1974,302400
Vermont,1975,309940
Vermont,1976,302029
Vermont,1977,331679
Vermont,1978,328069
Vermont,1979,337086
Vermont,1980,343800
Vermont,1981,348765
Vermont,1982,355051
Vermont,1983,360642
Vermont,1984,371011
Vermont,1985,385132
Vermont,1986,397073
Vermont,1987,402088
Vermont,1988,406194
Vermont,1989,409897
Vermont,1990,411920
Vermont,1991,412369
Vermont,1992,423489
Vermont,1993,430538
Vermont,1994,445576
Vermont,1995,455606
Vermont,1996,468863
Vermont,1997,475389
Vermont,1998,497172
Vermont,1999,495824
Vermont,2000,506085
Vermont,2001,515348
Vermont,2002,529453
Vermont,2003,543412
Vermont,2004,550462
Vermont,2005,563162
Vermont,2006,532041
Vermont,2007,534495
Vermont,2008,541990
Vermont,2009,506977
Vermont,2010,513481
Vermont,2011,521666
Vermont,2012,529501
Vermont,2013,543057
Vermont,2014,545312
Vermont,2015,548799
Vermont,2016,553670
Vermont,2017,560247
Vermont,2018,564892
Vermont,2019,564894
Vermont,2020,460871
Vermont,2021,469624
Vermont,2022,478421
Vermont,2023,480463
Virginia,1949,1044782
Virginia,1950,1173989
Virginia,1951,1210477
Virginia,1952,1313222
Virginia,1953,1400787
Virginia,1954,1459561
Virginia,1955,1540751
Virginia,1956,1630245
Virginia,1957,1678973
Virginia,1958,1725524
Virginia,1959,1792242
Virginia,1960,1827232
Virginia,1961,1901611
Virginia,1962,1950489
Virginia,1963,2014448
Virginia,1964,2076854
Virginia,1965,2160163
Virginia,1966,2185853
Virginia,1967,2229546
Virginia,1968,2307265
Virginia,1969,2388246
Virginia,1970,2345466
Virginia,1971,2492079
Virginia,1972,2670493
Virginia,1973,2855948
Virginia,1974,2944068
Virginia,1975,3017481
Virginia,1976,3069347
Virginia,1977,3277231
Virginia,1978,3259131
Virginia,1979,3338967
Virginia,1980,3460686
Virginia,1981,3570363
Virginia,1982,3625377
Virginia,1983,3704171
Virginia,1984,3773233
Virginia,1985,3804113
Virginia,1986,3937571
Virginia,1987,4053303
Virginia,1988,4129510
Virginia,1989,4233574
Virginia,1990,4388805
Virginia,1991,4651070
Virginia,1992,4697006
Virginia,1993,4579666
Virginia,1994,4601235
Virginia,1995,4628886
Virginia,1996,4692071
Virginia,1997,4901088
Virginia,1998,4787150
Virginia,1999,4729373
Virginia,2000,4836993
Virginia,2001,4920753
Virginia,2002,5158232
Virginia,2003,5045857
Virginia,2004,5112523
Virginia,2005,5178156
Virginia,2006,5210685
Virginia,2007,5259512
Virginia,2008,5301182
Virginia,2009,5347745
Virginia,2010,5402347
Virginia,2011,5467045
Virginia,2012,5538480
Virginia,2013,5602765
Virginia,2014,5769063
Virginia,2015,5820209
Virginia,2016,5912048
Virginia,2017,5926430
Virginia,2018,5929031
Virginia,2019,5888196
Virginia,2020,5909716
Virginia,2021,5912644
Virginia,2022,5837147
Virginia,2023,5921532
Washington,1949,1138851
Washington,1950,1484736
Washington,1951,1048749
Washington,1952,1130533
Washington,1953,1169699
Washington,1954,1211206
Washington,1955,1251083
Washington,1956,1232603
Washington,1957,1278812
Washington,1958,1317971
Washington,1959,1404738
Washington,1960,1422149
Washington,1961,1402067
Washington,1962,1455365
Washington,1963,1513328
Washington,1964,1603429
Washington,1965,1579415
Washington,1966,1606360
Washington,1967,1705157
Washington,1968,1788050
Washington,1969,1903504
Washington,1970,1919980
Washington,1971,1965962
Washington,1972,2007862
Washington,1973,2145283
Washington,1974,2122131
Washington,1975,2176585
Washington,1976,2289371
Washington,1977,2339215
Washington,1978,2485248
Washington,1979,2579368
Washington,1980,2662658
Washington,1981,2732785
Washington,1982,2774210
Washington,1983,2867032
Washington,1984,2972976
Washington,1985,2980717
Washington,1986,3029457
Washington,1987,3156743
Washington,1988,3198023
Washington,1989,3272941
Washington,1990,3376671
Washington,1991,3490585
Washington,1992,3627434
Washington,1993,3698920
Washington,1994,3775019
Washington,1995,3765376
Washington,1996,3908217
Washington,1997,4009833
Washington,1998,4078895
Washington,1999,4128775
Washington,2000,4154501
Washington,2001,4237845
Washington,2002,4381417
Washington,2003,4407269
Washington,2004,4504581
Washington,2005,4681927
Washington,2006,4790864
Washington,2007,4879705
Washington,2008,4953872
Washington,2009,5026521
Washington,2010,5106367
Washington,2011,5178789
Washington,2012,5227889
Washington,2013,5301630
Washington,2014,5401139
Washington,2015,5516134
Washington,2016,5635715
Washington,2017,5768281
Washington,2018,5909967
Washington,2019,5711136
Washington,2020,5812500
Washington,2021,5868509
Washington,2022,5956048
Washington,2023,6009842
West Virginia,1949,644417
West Virginia,1950,682601
West Virginia,1951,691136
West Virginia,1952,738974
West Virginia,1953,768091
West Virginia,1954,789410
West Virginia,1955,808438
West Virginia,1956,819932
West Virginia,1957,830853
West Virginia,1958,885679
West Virginia,1959,808462
West Virginia,1960,832974
West Virginia,1961,830683
West Virginia,1962,805147
West Virginia,1963,893597
West Virginia,1964,884023
West Virginia,1965,822079
West Virginia,1966,822950
West Virginia,1967,855055
West Virginia,1968,832477
West Virginia,1969,861371
West Virginia,1970,912609
West Virginia,1971,981976
West Virginia,1972,1016060
West Virginia,1973,1051025
West Virginia,1974,1078000
West Virginia,1975,1262038
West Virginia,1976,1324000
West Virginia,1977,1367093
West Virginia,1978,1422975
West Virginia,1979,1452777
West Virginia,1980,1506401
West Virginia,1981,1488300
West Virginia,1982,1410893
West Virginia,1983,1417000
West Virginia,1984,1293523
West Virginia,1985,1298585
West Virginia,1986,1297861
West Virginia,1987,1303404
West Virginia,1988,1308212
West Virginia,1989,1306445
West Virginia,1990,1283703
West Virginia,1991,1285627
West Virginia,1992,1314244
West Virginia,1993,1302081
West Virginia,1994,1298478
West Virginia,1995,1304539
West Virginia,1996,1274453
West Virginia,1997,1285158
West Virginia,1998,1280539
West Virginia,1999,1273701
West Virginia,2000,1347207
West Virginia,2001,1316955
West Virginia,2002,1325029
West Virginia,2003,1272135
West Virginia,2004,1292036
West Virginia,2005,1327569
West Virginia,2006,1335303
West Virginia,2007,1358529
West Virginia,2008,1360926
West Virginia,2009,1328992
West Virginia,2010,1206026
West Virginia,2011,1198837.1940000001
West Virginia,2012,1241586
West Virginia,2013,1177136
West Virginia,2014,1171906.7458000001
West Virginia,2015,1167346.2637999998
West Virginia,2016,1159348
West Virginia,2017,1148786
West Virginia,2018,1136774.7654
West Virginia,2019,1130389.1733
West Virginia,2020,1101775.4047
West Virginia,2021,1138290
West Virginia,2022,1148406
West Virginia,2023,1131687.8095
Wisconsin,1949,1758013
Wisconsin,1950,1682978
Wisconsin,1951,1676477
Wisconsin,1952,1619646
Wisconsin,1953,1687976
Wisconsin,1954,1730776
Wisconsin,1955,1731150
Wisconsin,1956,1772700
Wisconsin,1957,1866650
Wisconsin,1958,1849185
Wisconsin,1959,1893795
Wisconsin,1960,1862512
Wisconsin,1961,1855322
Wisconsin,1962,1985991
Wisconsin,1963,1934368
Wisconsin,1964,2078980
Wisconsin,1965,2141483
Wisconsin,1966,2185086
Wisconsin,1967,2280544
Wisconsin,1968,2360815
Wisconsin,1969,2458037
Wisconsin,1970,2459539
Wisconsin,1971,2465315
Wisconsin,1972,2527731
Wisconsin,1973,2593838
Wisconsin,1974,2663886
Wisconsin,1975,2721284
Wisconsin,1976,2773783
Wisconsin,1977,2840543
Wisconsin,1978,2899070
Wisconsin,1979,2954000
Wisconsin,1980,2982366
Wisconsin,1981,3027347
Wisconsin,1982,3036428
Wisconsin,1983,3085549
Wisconsin,1984,3147657
Wisconsin,1985,3211330
Wisconsin,1986,3229246
Wisconsin,1987,3248206
Wisconsin,1988,3268207
Wisconsin,1989,3294057
Wisconsin,1990,3327872
Wisconsin,1991,3394428
Wisconsin,1992,3542702
Wisconsin,1993,3502341
Wisconsin,1994,3554003
Wisconsin,1995,3601619
Wisconsin,1996,3723685
Wisconsin,1997,3672469
Wisconsin,1998,3709957
Wisconsin,1999,3733122
Wisconsin,2000,3770453.22
Wisconsin,2001,3667497
Wisconsin,2002,3529720
Wisconsin,2003,3765644
Wisconsin,2004,3910188
Wisconsin,2005,3993348
Wisconsin,2006,4049450
Wisconsin,2007,4066273
Wisconsin,2008,4075764
Wisconsin,2009,4105142
Wisconsin,2010,4133377
Wisconsin,2011,4147470
Wisconsin,2012,4056649
Wisconsin,2013,4171427
Wisconsin,2014,4188194
Wisconsin,2015,4194759
Wisconsin,2016,4206770
Wisconsin,2017,4234793
Wisconsin,2018,4288171
Wisconsin,2019,4296646
Wisconsin,2020,4315892
Wisconsin,2021,4340851
Wisconsin,2022,4374582
Wisconsin,2023,4411182
Wyoming,1949,197118
Wyoming,1950,182632
Wyoming,1951,186021
Wyoming,1952,196625
Wyoming,1953,196931
Wyoming,1954,208187
Wyoming,1955,215122
Wyoming,1956,215396
Wyoming,1957,200086
Wyoming,1958,204485
Wyoming,1959,202678
Wyoming,1960,211536
Wyoming,1961,219999
Wyoming,1962,216174
Wyoming,1963,226438
Wyoming,1964,224944
Wyoming,1965,223118
Wyoming,1966,221383
Wyoming,1967,220926
Wyoming,1968,215715
Wyoming,1969,222214
Wyoming,1970,229067
Wyoming,1971,232429
Wyoming,1972,217251
Wyoming,1973,224097
Wyoming,1974,257462
Wyoming,1975,280057
Wyoming,1976,300436
Wyoming,1977,309275
Wyoming,1978,319049
Wyoming,1979,329731
Wyoming,1980,346250
Wyoming,1981,362767
Wyoming,1982,397788
Wyoming,1983,394041
Wyoming,1984,359976
Wyoming,1985,331850
Wyoming,1986,326007
Wyoming,1987,339150
Wyoming,1988,348946
Wyoming,1989,333493
Wyoming,1990,333546
Wyoming,1991,341023
Wyoming,1992,342960
Wyoming,1993,350074
Wyoming,1994,341706
Wyoming,1995,346299
Wyoming,1996,343093
Wyoming,1997,352770
Wyoming,1998,359158
Wyoming,1999,363471
Wyoming,2000,370740.42
Wyoming,2001,370713
Wyoming,2002,303357
Wyoming,2003,378009
Wyoming,2004,380180
Wyoming,2005,382735
Wyoming,2006,390538
Wyoming,2007,398283
Wyoming,2008,404489
Wyoming,2009,410813
Wyoming,2010,419466
Wyoming,2011,421928
Wyoming,2012,421580
Wyoming,2013,421473
Wyoming,2014,423987
Wyoming,2015,422450
Wyoming,2016,421098
Wyoming,2017,422465
Wyoming,2018,419256
Wyoming,2019,424115
Wyoming,2020,427233
Wyoming,2021,430472
Wyoming,2022,431900
Wyoming,2023,441195
Total,1949,59322278
Total,1950,62193495
Total,1951,64443781
Total,1952,66825829
Total,1953,69869781
Total,1954,71897089
Total,1955,74685949
Total,1956,77658826
Total,1957,79630680
Total,1958,81536726
Total,1959,84498191
Total,1960,87252563
Total,1961,88744198
Total,1962,90588324
Total,1963,93572980
Total,1964,95467537
Total,1965,98502152
Total,1966,100998471
Total,1967,103171641
Total,1968,105410150
Total,1969,108306080
Total,1970,111542787
Total,1971,114425900
Total,1972,118414474
Total,1973,121545736
Total,1974,125426582
Total,1975,129790666
Total,1976,134035641
Total,1977,138120893
Total,1978,140843907
Total,1979,143283995
Total,1980,145295036
Total,1981,147075169
Total,1982,150233659
Total,1983,154389178
Total,1984,155423709
Total,1985,156868277
Total,1986,159487000
Total,1987,161818461
Total,1988,162853255
Total,1989,165555295
Total,1990,167015249.92000002
Total,1991,168995076
Total,1992,173125396
Total,1993,173149313
Total,1994,175403465.02
Total,1995,176628482
Total,1996,179539340
Total,1997,182709204.00375
Total,1998,184980177
Total,1999,187170420.495
Total,2000,190625022.81558275
Total,2001,191275719
Total,2002,194295633
Total,2003,196165665
Total,2004,198888912
Total,2005,200548972
Total,2006,202810438
Total,2007,205741845
Total,2008,208320601
Total,2009,209618386
Total,2010,210114939.25
Total,2011,211874649.16369697
Total,2012,211814830
Total,2013,212159728
Total,2014,214092471.7458
Total,2015,218084465.2638
Total,2016,221711918
Total,2017,225346257
Total,2018,227558384.7654
Total,2019,228679719.1733
Total,2020,228195802.4047
Total,2021,232781797
Total,2022,235086153
Total,2023,237655884.8095
